Country Name,Country Code,Series Name,Series Code,2003 [YR2003],2004 [YR2004],2005 [YR2005],2006 [YR2006],2007 [YR2007],2008 [YR2008],2009 [YR2009],2010 [YR2010],2011 [YR2011],2012 [YR2012],2013 [YR2013],2014 [YR2014],2015 [YR2015],2016 [YR2016],2017 [YR2017]
Afghanistan,AFG,"School enrollment, secondary (% gross)",SE.SEC.ENRR,13.3170795440674,18.6647891998291,19.7837009429932,29.9304599761963,30.0831604003906,40.2233810424805,46.7327613830566,53.2468299865723,54.6161804199219,56.6773414611816,56.6886596679688,55.6561584472656,55.6444091796875,..,..
Albania,ALB,"School enrollment, secondary (% gross)",SE.SEC.ENRR,75.0189895629883,74.170280456543,76.8870620727539,77.9558868408203,81.2808685302734,83.6489181518555,85.409309387207,88.4116363525391,90.8483505249023,92.7414703369141,95.8315734863281,96.4260864257813,95.7654876708984,..,..
Algeria,DZA,"School enrollment, secondary (% gross)",SE.SEC.ENRR,73.7556610107422,77.2134017944336,78.7822265625,79.7915802001953,70.2812118530273,76.7558517456055,93.0700302124023,97.1719207763672,99.8601913452148,..,..,..,..,..,..
American Samoa,ASM,"School enrollment, secondary (% gross)",SE.SEC.ENRR,..,..,..,..,..,..,..,..,..,..,..,..,..,..,..
Andorra,AND,"School enrollment, secondary (% gross)",SE.SEC.ENRR,..,..,..,..,..,..,..,..,..,..,..,..,..,..,..
Angola,AGO,"School enrollment, secondary (% gross)",SE.SEC.ENRR,..,..,..,..,..,23.5545902252197,24.9924507141113,28.7813091278076,28.8987197875977,..,..,..,..,..,..
Antigua and Barbuda,ATG,"School enrollment, secondary (% gross)",SE.SEC.ENRR,..,..,..,..,102.672256469727,110.871238708496,108.522506713867,106.206718444824,106.116546630859,105.393508911133,..,102.318222045898,102.705459594727,..,..
Arab World,ARB,"School enrollment, secondary (% gross)",SE.SEC.ENRR,64.0377731323242,65.8538589477539,65.9310073852539,65.8479309082031,64.6981582641602,65.3422927856445,66.8289031982422,68.0508804321289,70.6914901733398,71.7165603637695,70.2746887207031,70.7350463867188,..,..,..
Argentina,ARG,"School enrollment, secondary (% gross)",SE.SEC.ENRR,95.7509918212891,95.4969329833984,94.005989074707,93.3450698852539,93.7067489624023,95.2462768554688,98.8308181762695,101.801116943359,103.599678039551,105.19255065918,106.323143005371,106.777900695801,..,..,..
Armenia,ARM,"School enrollment, secondary (% gross)",SE.SEC.ENRR,..,88.3207397460938,91.0585632324219,93.8858337402344,94.8729705810547,92.7056121826172,96.6328811645508,..,..,..,..,..,88.5023574829102,..,..
Aruba,ABW,"School enrollment, secondary (% gross)",SE.SEC.ENRR,99.0911712646484,97.25244140625,95.9288177490234,97.3563690185547,102.546356201172,94.6491317749023,96.7234420776367,95.8235397338867,97.0151214599609,111.174522399902,..,..,..,..,..
Australia,AUS,"School enrollment, secondary (% gross)",SE.SEC.ENRR,156.194351196289,149.94206237793,148.366104125977,127.389617919922,126.36637878418,128.034057617188,130.318542480469,132.456695556641,134.268112182617,136.879623413086,137.581512451172,137.564788818359,..,..,..
Austria,AUT,"School enrollment, secondary (% gross)",SE.SEC.ENRR,99.6250534057617,99.6793823242188,100.512802124023,100.472991943359,99.8067474365234,99.4811630249023,99.6886367797852,98.8622436523438,98.193489074707,97.7844161987305,98.9362335205078,99.2964019775391,100.02188873291,..,..
Azerbaijan,AZE,"School enrollment, secondary (% gross)",SE.SEC.ENRR,..,..,..,..,..,..,..,..,..,..,..,..,..,..,..
"Bahamas, The",BHS,"School enrollment, secondary (% gross)",SE.SEC.ENRR,..,86.3785171508789,89.2948608398438,91.601318359375,95.0630722045898,94.4456634521484,92.9817428588867,92.6336822509766,..,..,..,..,..,..,..
Bahrain,BHR,"School enrollment, secondary (% gross)",SE.SEC.ENRR,94.2609710693359,95.3696975708008,96.1961898803711,96.3959503173828,..,91.797721862793,91.991081237793,92.8599624633789,95.2977981567383,91.6528015136719,96.6312866210938,98.8924407958984,102.130897521973,..,..
Bangladesh,BGD,"School enrollment, secondary (% gross)",SE.SEC.ENRR,50.2781181335449,46.8372993469238,45.516788482666,46.0980911254883,46.8709602355957,44.8864517211914,48.5376091003418,50.1194190979004,50.8635406494141,53.5320510864258,58.3092613220215,..,63.524528503418,..,..
Barbados,BRB,"School enrollment, secondary (% gross)",SE.SEC.ENRR,105.457382202148,107.744453430176,108.550003051758,105.884437561035,105.416030883789,104.495941162109,103.227142333984,101.902473449707,103.608627319336,..,..,109.247566223145,..,..,..
Belarus,BLR,"School enrollment, secondary (% gross)",SE.SEC.ENRR,..,..,..,..,..,110.763786315918,109.52855682373,107.05786895752,106.308082580566,107.004867553711,106.228012084961,107.031799316406,107.119422912598,..,..
Belgium,BEL,"School enrollment, secondary (% gross)",SE.SEC.ENRR,158.987564086914,107.916496276855,108.354248046875,108.503578186035,107.870719909668,106.412826538086,105.695953369141,105.78588104248,106.481132507324,106.309463500977,163.101013183594,164.811737060547,166.808471679688,..,..
Belize,BLZ,"School enrollment, secondary (% gross)",SE.SEC.ENRR,76.9527969360352,78.2889633178711,76.5187072753906,76.7253265380859,75.3678665161133,74.8418731689453,74.4397201538086,75.3597869873047,76.0342864990234,78.3836517333984,80.1630401611328,79.8772583007813,80.7922134399414,..,..
Benin,BEN,"School enrollment, secondary (% gross)",SE.SEC.ENRR,26.5806903839111,28.3475093841553,..,..,..,..,..,..,47.6814994812012,..,54.1660690307617,54.3636016845703,56.8119583129883,..,..
Bermuda,BMU,"School enrollment, secondary (% gross)",SE.SEC.ENRR,79.0366363525391,81.2965469360352,80.8843536376953,77.6422119140625,..,..,..,78.7241592407227,77.1428604125977,75.2807006835938,74.2486190795898,72.622428894043,71.5424118041992,..,..
Bhutan,BTN,"School enrollment, secondary (% gross)",SE.SEC.ENRR,..,..,45.7212295532227,48.6649513244629,52.8779716491699,56.4754104614258,61.7531089782715,66.1123886108398,69.5143737792969,73.6317672729492,77.2370986938477,84.1976928710938,..,..,..
Bolivia,BOL,"School enrollment, secondary (% gross)",SE.SEC.ENRR,82.7161178588867,85.8130493164063,86.9914398193359,86.3924102783203,86.0628280639648,85.5786590576172,84.0427703857422,83.1342163085938,82.3181228637695,82.8828964233398,84.6744995117188,85.3796310424805,86.4050674438477,..,..
Bosnia and Herzegovina,BIH,"School enrollment, secondary (% gross)",SE.SEC.ENRR,..,..,..,..,..,..,..,..,..,..,..,..,..,..,..
Botswana,BWA,"School enrollment, secondary (% gross)",SE.SEC.ENRR,76.2931823730469,77.8344573974609,78.5254898071289,80.5333633422852,81.3717575073242,76.861572265625,..,..,..,..,..,..,..,..,..
Brazil,BRA,"School enrollment, secondary (% gross)",SE.SEC.ENRR,101.868667602539,102.371032714844,101.2919921875,..,95.1699981689453,96.7201232910156,96.6654815673828,..,95.2633819580078,95.5837326049805,101.868072509766,101.950897216797,99.6509704589844,..,..
British Virgin Islands,VGB,"School enrollment, secondary (% gross)",SE.SEC.ENRR,97.086799621582,99.5915985107422,106.689338684082,108.052947998047,103.224067687988,..,97.0029983520508,101.602401733398,96.2462463378906,97.6035919189453,98.3093032836914,97.7373275756836,98.7335586547852,..,..
Brunei Darussalam,BRN,"School enrollment, secondary (% gross)",SE.SEC.ENRR,89.7153091430664,94.0597763061523,97.6358337402344,98.5333862304688,96.697380065918,96.6082077026367,98.4955215454102,99.2443237304688,101.081367492676,105.711692810059,104.346252441406,99.1162109375,96.0794677734375,..,..
Bulgaria,BGR,"School enrollment, secondary (% gross)",SE.SEC.ENRR,86.8954772949219,89.4008407592773,90.4507217407227,91.3714904785156,91.6947479248047,90.6111602783203,89.5244598388672,90.4246520996094,93.182861328125,93.1796417236328,98.8783187866211,100.879287719727,99.0163497924805,..,..
Burkina Faso,BFA,"School enrollment, secondary (% gross)",SE.SEC.ENRR,12.0767602920532,13.2529497146606,14.3002996444702,15.0407495498657,16.1643295288086,18.9086399078369,20.2868595123291,21.9022006988525,23.8452091217041,25.9408397674561,28.3657302856445,30.3352699279785,33.6666603088379,..,..
Burundi,BDI,"School enrollment, secondary (% gross)",SE.SEC.ENRR,10.2419099807739,11.6547002792358,12.6990098953247,13.8946895599365,14.8282899856567,..,19.7602806091309,22.8243103027344,25.5176792144775,27.8977909088135,32.2784881591797,37.8889808654785,42.4800682067871,..,..
Cabo Verde,CPV,"School enrollment, secondary (% gross)",SE.SEC.ENRR,66.7169570922852,65.7059478759766,68.6929397583008,80.0283813476563,80.1696166992188,83.0997619628906,83.2680206298828,86.4719696044922,89.5345001220703,91.4871292114258,94.2451705932617,92.5794677734375,92.8984298706055,..,..
Cambodia,KHM,"School enrollment, secondary (% gross)",SE.SEC.ENRR,27.4046897888184,31.2058506011963,..,39.5919494628906,42.5339393615723,45.0513305664063,..,..,..,..,..,..,..,..,..
Cameroon,CMR,"School enrollment, secondary (% gross)",SE.SEC.ENRR,29.4101104736328,26.1779193878174,26.6441898345947,23.1698303222656,31.7637805938721,35.9441909790039,39.6364402770996,..,47.2656517028809,50.4674301147461,52.302131652832,56.4307289123535,58.0781288146973,..,..
Canada,CAN,"School enrollment, secondary (% gross)",SE.SEC.ENRR,..,..,101.056846618652,101.425109863281,101.677612304688,102.196853637695,102.663208007813,102.397277832031,103.411331176758,110.267601013184,109.931549072266,..,..,..,..
Caribbean small states,CSS,"School enrollment, secondary (% gross)",SE.SEC.ENRR,85.8223114013672,88.0380935668945,87.8315124511719,88.8706970214844,89.6788787841797,90.4059295654297,90.5621719360352,90.0459289550781,91.0016708374023,85.3184280395508,79.5851669311523,79.3260269165039,..,..,..
Cayman Islands,CYM,"School enrollment, secondary (% gross)",SE.SEC.ENRR,..,..,..,..,..,..,..,..,..,..,..,..,..,..,..
Central African Republic,CAF,"School enrollment, secondary (% gross)",SE.SEC.ENRR,..,..,..,..,..,..,13.7092800140381,..,17.7471008300781,17.3780097961426,..,..,..,..,..
Central Europe and the Baltics,CEB,"School enrollment, secondary (% gross)",SE.SEC.ENRR,95.5783462524414,92.6023101806641,93.9230422973633,94.1570816040039,95.0290069580078,96.1027069091797,96.4172897338867,97.3673400878906,97.9161987304688,98.0995635986328,103.608993530273,103.0322265625,..,..,..
Chad,TCD,"School enrollment, secondary (% gross)",SE.SEC.ENRR,14.7922296524048,15.1948900222778,15.672739982605,16.0908203125,18.541820526123,20.9977893829346,23.0561408996582,22.6520805358887,23.1282806396484,22.4027900695801,..,..,..,..,..
Channel Islands,CHI,"School enrollment, secondary (% gross)",SE.SEC.ENRR,..,..,..,..,..,..,..,..,..,..,..,..,..,..,..
Chile,CHL,"School enrollment, secondary (% gross)",SE.SEC.ENRR,93.4507904052734,95.3711395263672,97.6583786010742,98.3335494995117,97.6615829467773,97.0461120605469,94.2128295898438,94.5737075805664,93.7881317138672,91.4658889770508,100.457672119141,100.40454864502,100.646186828613,..,..
China,CHN,"School enrollment, secondary (% gross)",SE.SEC.ENRR,62.2666702270508,..,..,68.4451675415039,72.5800399780273,76.6976089477539,80.6078491210938,84.9211578369141,89.0779418945313,92.1432495117188,96.2417526245117,94.3320693969727,94.2992095947266,..,..
Colombia,COL,"School enrollment, secondary (% gross)",SE.SEC.ENRR,..,78.7300109863281,83.4079437255859,87.7769622802734,91.6023330688477,93.9706573486328,99.2359390258789,102.020622253418,103.872650146484,99.8500289916992,100.337730407715,98.7619094848633,98.0918579101563,..,..
Comoros,COM,"School enrollment, secondary (% gross)",SE.SEC.ENRR,39.4272193908691,43.3902206420898,..,..,..,..,..,..,..,..,59.3322906494141,60.3504104614258,..,..,..
"Congo, Dem. Rep.",COD,"School enrollment, secondary (% gross)",SE.SEC.ENRR,..,..,..,..,35.0657997131348,37.7469902038574,39.6730613708496,39.3679618835449,41.3788604736328,41.2836990356445,40.9936714172363,43.5052108764648,..,..,..
"Congo, Rep.",COG,"School enrollment, secondary (% gross)",SE.SEC.ENRR,40.4610404968262,45.8933792114258,..,..,..,..,..,..,..,54.5433807373047,..,..,..,..,..
Costa Rica,CRI,"School enrollment, secondary (% gross)",SE.SEC.ENRR,..,82.4991912841797,84.3638229370117,91.0060501098633,92.0730590820313,93.1422424316406,99.6457214355469,102.18531036377,104.562889099121,107.950958251953,114.636619567871,120.326652526855,123.085731506348,..,..
Cote d'Ivoire,CIV,"School enrollment, secondary (% gross)",SE.SEC.ENRR,..,..,..,..,..,..,..,..,..,..,..,40.1321601867676,43.8677291870117,..,..
Croatia,HRV,"School enrollment, secondary (% gross)",SE.SEC.ENRR,88.3184509277344,..,93.1465225219727,94.9340286254883,96.9033966064453,98.9622116088867,100.628288269043,100.713912963867,99.8821716308594,99.7670593261719,100.090026855469,98.9999923706055,98.2164764404297,..,..
Cuba,CUB,"School enrollment, secondary (% gross)",SE.SEC.ENRR,92.0018310546875,91.1870193481445,92.6437835693359,94.0296936035156,93.9216537475586,93.3292770385742,91.5825119018555,91.8892669677734,92.4431304931641,91.9312591552734,93.294677734375,99.6651306152344,100.399871826172,..,..
Curacao,CUW,"School enrollment, secondary (% gross)",SE.SEC.ENRR,..,..,..,..,..,..,..,..,..,..,88.3455429077148,..,..,..,..
Cyprus,CYP,"School enrollment, secondary (% gross)",SE.SEC.ENRR,98.4242630004883,97.7151184082031,96.5432815551758,96.5981521606445,97.7791519165039,98.3290405273438,98.3875579833984,91.440803527832,92.8256225585938,95.2998504638672,98.3116912841797,99.4167327880859,99.7783126831055,..,..
Czech Republic,CZE,"School enrollment, secondary (% gross)",SE.SEC.ENRR,96.6181030273438,95.5714569091797,95.8069381713867,96.1812362670898,95.0964279174805,94.2965469360352,94.0108108520508,94.8289031982422,95.9841232299805,97.0830688476563,104.379760742188,105.125846862793,105.561729431152,..,..
Denmark,DNK,"School enrollment, secondary (% gross)",SE.SEC.ENRR,126.465766906738,123.658248901367,124.180923461914,120.0791015625,118.825103759766,117.899757385254,118.034637451172,119.569389343262,122.801193237305,123.682510375977,129.779083251953,129.868026733398,130.824737548828,..,..
Djibouti,DJI,"School enrollment, secondary (% gross)",SE.SEC.ENRR,..,20.2244205474854,22.4824504852295,22.3076400756836,25.7852401733398,30.6445503234863,33.4876708984375,..,39.3688888549805,43.0634307861328,45.057861328125,46.3529090881348,47.069019317627,48.2695617675781,..
Dominica,DMA,"School enrollment, secondary (% gross)",SE.SEC.ENRR,114.27725982666,109.746070861816,107.352096557617,104.399436950684,102.888191223145,100.564117431641,100.627700805664,96.9340972900391,96.7295989990234,..,..,..,100.487892150879,..,..
Dominican Republic,DOM,"School enrollment, secondary (% gross)",SE.SEC.ENRR,..,68.1997833251953,69.7449798583984,..,78.0825424194336,76.7469635009766,78.5784072875977,76.0154571533203,75.6278305053711,76.3887405395508,77.5965728759766,78.3560409545898,77.8207168579102,..,..
Early-demographic dividend,EAR,"School enrollment, secondary (% gross)",SE.SEC.ENRR,55.0185317993164,56.2214088439941,57.3038215637207,58.6567192077637,60.6465606689453,62.1796188354492,62.6373291015625,64.876708984375,67.1637496948242,69.0030212402344,69.9788513183594,70.3706817626953,..,..,..
East Asia & Pacific,EAS,"School enrollment, secondary (% gross)",SE.SEC.ENRR,64.6110687255859,66.109977722168,67.2239685058594,69.1570281982422,72.9048080444336,75.5086135864258,78.6416625976563,81.5026321411133,84.3281326293945,86.3395614624023,88.8673477172852,87.9348220825195,..,..,..
East Asia & Pacific (excluding high income),EAP,"School enrollment, secondary (% gross)",SE.SEC.ENRR,61.979808807373,63.6750183105469,64.8216018676758,66.9410934448242,70.84326171875,73.5347595214844,76.7915802001953,79.8195877075195,82.78955078125,84.8219680786133,87.4938125610352,86.4609832763672,..,..,..
East Asia & Pacific (IDA & IBRD countries),TEA,"School enrollment, secondary (% gross)",SE.SEC.ENRR,61.5582313537598,63.2699890136719,64.4208908081055,66.550048828125,70.4793319702148,73.1869583129883,76.4707183837891,79.5263900756836,82.5269393920898,84.5802917480469,87.2832183837891,86.2319488525391,..,..,..
Ecuador,ECU,"School enrollment, secondary (% gross)",SE.SEC.ENRR,58.5680389404297,59.2243881225586,61.8786010742188,64.1969528198242,65.9154205322266,..,..,88.7389373779297,92.8492126464844,97.6955108642578,101.393699645996,104.476791381836,107.700691223145,107.223258972168,..
"Egypt, Arab Rep.",EGY,"School enrollment, secondary (% gross)",SE.SEC.ENRR,80.9899978637695,80.7929534912109,..,..,..,..,68.7933120727539,71.5056762695313,81.6779174804688,83.6341018676758,85.7250595092773,86.1023178100586,..,..,..
El Salvador,SLV,"School enrollment, secondary (% gross)",SE.SEC.ENRR,65.9567108154297,69.2184906005859,68.5339813232422,68.2440185546875,68.3509521484375,68.1611022949219,69.7499694824219,72.0208511352539,74.8348922729492,77.1446685791016,81.2979278564453,81.1161499023438,79.425407409668,..,..
Equatorial Guinea,GNQ,"School enrollment, secondary (% gross)",SE.SEC.ENRR,..,..,27.3713092803955,..,..,..,..,..,..,..,..,..,..,..,..
Eritrea,ERI,"School enrollment, secondary (% gross)",SE.SEC.ENRR,25.0500507354736,25.6971492767334,28.4680995941162,29.9203491210938,29.0290908813477,30.8735599517822,33.0254211425781,34.1042289733887,35.3205986022949,36.5461196899414,35.5193099975586,34.7543716430664,30.5498600006104,..,..
Estonia,EST,"School enrollment, secondary (% gross)",SE.SEC.ENRR,97.6677017211914,100.085289001465,102.789932250977,103.11190032959,103.234329223633,102.266937255859,102.746101379395,105.296241760254,107.366287231445,107.529846191406,108.582939147949,110.406478881836,115.17822265625,..,..
Ethiopia,ETH,"School enrollment, secondary (% gross)",SE.SEC.ENRR,19.4993591308594,21.9114208221436,24.7503604888916,28.8394908905029,31.9898700714111,33.2038688659668,33.4888916015625,34.808219909668,36.0482292175293,37.7033882141113,..,..,35.1732482910156,..,..
Euro area,EMU,"School enrollment, secondary (% gross)",SE.SEC.ENRR,105.982933044434,104.169418334961,105.78182220459,106.077239990234,106.012969970703,106.53540802002,106.625709533691,107.923141479492,108.545509338379,108.740226745605,111.488388061523,111.419662475586,..,..,..
Europe & Central Asia,ECS,"School enrollment, secondary (% gross)",SE.SEC.ENRR,98.1852798461914,95.6700592041016,95.2415008544922,95.5912170410156,96.1650085449219,96.5070266723633,96.0488967895508,97.8580627441406,98.5292663574219,98.9272918701172,105.351951599121,105.963516235352,..,..,..
Europe & Central Asia (excluding high income),ECA,"School enrollment, secondary (% gross)",SE.SEC.ENRR,91.8226013183594,89.0821228027344,86.8984680175781,88.0699920654297,89.2442321777344,89.3261032104492,88.2203063964844,90.3195419311523,92.2806625366211,92.9356231689453,97.6857223510742,98.3922882080078,..,..,..
Europe & Central Asia (IDA & IBRD countries),TEC,"School enrollment, secondary (% gross)",SE.SEC.ENRR,92.7002105712891,89.6124420166016,87.7741622924805,88.8328018188477,89.9170837402344,89.9765625,88.9205780029297,90.8588180541992,92.673942565918,93.3029403686523,98.396858215332,99.0305328369141,..,..,..
European Union,EUU,"School enrollment, secondary (% gross)",SE.SEC.ENRR,103.726837158203,101.641242980957,103.135749816895,102.514549255371,102.545387268066,103.287353515625,103.677658081055,105.08390045166,104.413101196289,104.458160400391,112.446792602539,112.793739318848,..,..,..
Faroe Islands,FRO,"School enrollment, secondary (% gross)",SE.SEC.ENRR,..,..,..,..,..,..,..,..,..,..,..,..,..,..,..
Fiji,FJI,"School enrollment, secondary (% gross)",SE.SEC.ENRR,86.042106628418,90.8494262695313,..,91.0083770751953,89.1594009399414,87.869873046875,86.8852005004883,..,90.9216232299805,88.6682510375977,..,..,..,..,..
Finland,FIN,"School enrollment, secondary (% gross)",SE.SEC.ENRR,131.743698120117,110.912467956543,111.971076965332,111.613548278809,110.329086303711,108.744270324707,107.423797607422,107.272590637207,107.478218078613,107.485900878906,143.218566894531,145.483688354492,149.456085205078,..,..
Fragile and conflict affected situations,FCS,"School enrollment, secondary (% gross)",SE.SEC.ENRR,35.6667213439941,37.5372085571289,38.3355598449707,39.7509689331055,40.2607498168945,42.1687088012695,43.5346488952637,44.4920806884766,45.3746604919434,46.181568145752,44.9808692932129,45.5368003845215,..,..,..
France,FRA,"School enrollment, secondary (% gross)",SE.SEC.ENRR,108.176223754883,107.921203613281,112.273818969727,112.074546813965,111.837348937988,111.625556945801,111.178520202637,111.32689666748,111.222412109375,111.665321350098,110.940650939941,110.644012451172,..,..,..
French Polynesia,PYF,"School enrollment, secondary (% gross)",SE.SEC.ENRR,..,..,..,..,..,..,..,..,..,..,..,..,..,..,..
Gabon,GAB,"School enrollment, secondary (% gross)",SE.SEC.ENRR,..,..,..,..,..,..,..,..,..,..,..,..,..,..,..
"Gambia, The",GMB,"School enrollment, secondary (% gross)",SE.SEC.ENRR,..,..,..,..,..,57.8413581848145,58.834888458252,57.451831817627,..,..,..,..,..,..,..
Georgia,GEO,"School enrollment, secondary (% gross)",SE.SEC.ENRR,82.1224136352539,78.9062423706055,81.6564025878906,83.4852066040039,89.88330078125,90.6510620117188,88.1063232421875,..,..,..,97.69384765625,99.4300384521484,103.681617736816,..,..
Germany,DEU,"School enrollment, secondary (% gross)",SE.SEC.ENRR,102.03214263916,102.389457702637,102.506103515625,103.197898864746,102.510787963867,103.58659362793,103.326179504395,103.983703613281,103.643310546875,102.883880615234,102.477699279785,102.429862976074,102.665397644043,..,..
Ghana,GHA,"School enrollment, secondary (% gross)",SE.SEC.ENRR,36.6552810668945,39.1860694885254,41.0644302368164,42.5409889221191,46.3361511230469,48.350658416748,49.8191719055176,..,57.0829887390137,58.3562889099121,61.0836982727051,57.9407691955566,61.4125099182129,62.1050415039063,..
Gibraltar,GIB,"School enrollment, secondary (% gross)",SE.SEC.ENRR,..,..,..,..,..,..,..,..,..,..,..,..,..,..,..
Greece,GRC,"School enrollment, secondary (% gross)",SE.SEC.ENRR,95.0876998901367,95.0382766723633,99.6430892944336,99.2351531982422,96.9108428955078,..,..,104.979263305664,103.001510620117,105.168449401855,108.197830200195,106.499359130859,..,..,..
Greenland,GRL,"School enrollment, secondary (% gross)",SE.SEC.ENRR,..,..,..,..,..,..,..,..,..,..,..,..,..,..,..
Grenada,GRD,"School enrollment, secondary (% gross)",SE.SEC.ENRR,111.202568054199,103.54759979248,97.7945785522461,..,110.884696960449,110.140449523926,100.785751342773,107.799026489258,..,..,101.139801025391,100.849388122559,99.1796264648438,..,..
Guam,GUM,"School enrollment, secondary (% gross)",SE.SEC.ENRR,..,..,..,..,..,..,..,..,..,..,..,..,..,..,..
Guatemala,GTM,"School enrollment, secondary (% gross)",SE.SEC.ENRR,..,47.2643508911133,49.7588195800781,52.0033798217773,54.1019401550293,55.1255798339844,57.3280982971191,63.1428718566895,63.7431488037109,64.0707092285156,64.1561279296875,63.5311584472656,65.6267013549805,..,..
Guinea,GIN,"School enrollment, secondary (% gross)",SE.SEC.ENRR,22.2585391998291,24.5368900299072,29.1943302154541,32.6944389343262,..,34.0815086364746,..,..,37.6401290893555,37.6192398071289,..,38.8232688903809,..,..,..
Guinea-Bissau,GNB,"School enrollment, secondary (% gross)",SE.SEC.ENRR,..,..,30.5325794219971,32.6411781311035,..,..,..,..,..,..,..,..,..,..,..
Guyana,GUY,"School enrollment, secondary (% gross)",SE.SEC.ENRR,94.5376663208008,..,96.8682327270508,..,88.3274993896484,87.0061187744141,88.0555419921875,88.6422805786133,92.4839401245117,89.3368377685547,..,..,..,..,..
Haiti,HTI,"School enrollment, secondary (% gross)",SE.SEC.ENRR,..,..,..,..,..,..,..,..,..,..,..,..,..,..,..
Heavily indebted poor countries (HIPC),HPC,"School enrollment, secondary (% gross)",SE.SEC.ENRR,25.0528697967529,26.3936595916748,27.7786903381348,29.5113906860352,31.2964305877686,33.4192008972168,35.222110748291,36.7456817626953,37.7686805725098,38.6723594665527,39.1621704101563,39.8661804199219,..,..,..
High income,HIC,"School enrollment, secondary (% gross)",SE.SEC.ENRR,100.837783813477,99.8656387329102,100.762702941895,100.170967102051,100.31468963623,100.549156188965,100.63005065918,100.937942504883,100.878776550293,101.438842773438,105.637138366699,106.348480224609,106.634559631348,..,..
Honduras,HND,"School enrollment, secondary (% gross)",SE.SEC.ENRR,..,..,..,61.1696510314941,63.6300888061523,64.1910629272461,..,72.6365966796875,73.0977478027344,72.510139465332,70.6631011962891,68.3800888061523,70.7755889892578,..,..
"Hong Kong SAR, China",HKG,"School enrollment, secondary (% gross)",SE.SEC.ENRR,77.3192520141602,78.9921264648438,80.4023666381836,80.9034194946289,82.9851531982422,84.6945877075195,86.1664810180664,88.0195693969727,87.2175598144531,107.229263305664,101.033821105957,100.633598327637,100.841903686523,..,..
Hungary,HUN,"School enrollment, secondary (% gross)",SE.SEC.ENRR,102.243446350098,95.9393920898438,96.1855010986328,95.9094314575195,96.0706634521484,96.6128463745117,97.8855895996094,99.9341812133789,100.770668029785,101.860229492188,108.198860168457,106.984359741211,105.203773498535,..,..
IBRD only,IBD,"School enrollment, secondary (% gross)",SE.SEC.ENRR,64.8548278808594,65.9685668945313,67.1008987426758,68.3405380249023,70.685173034668,72.9668579101563,74.0965881347656,76.8132934570313,79.3534393310547,81.1811828613281,82.7682037353516,82.4575576782227,..,..,..
Iceland,ISL,"School enrollment, secondary (% gross)",SE.SEC.ENRR,115.121162414551,108.170692443848,109.112640380859,109.397186279297,108.871887207031,109.070838928223,107.943000793457,109.289772033691,108.553726196289,111.170257568359,118.556411743164,..,..,..,..
IDA & IBRD total,IBT,"School enrollment, secondary (% gross)",SE.SEC.ENRR,57.3813209533691,58.3873405456543,59.2333297729492,60.3902816772461,62.150089263916,63.942798614502,64.9906387329102,67.0973281860352,68.8537979125977,70.2065505981445,71.3909606933594,71.1611862182617,..,..,..
IDA blend,IDB,"School enrollment, secondary (% gross)",SE.SEC.ENRR,41.2808609008789,42.7675399780273,43.0446586608887,44.7895202636719,45.4070091247559,46.4944114685059,47.6911201477051,49.3036117553711,49.7469100952148,50.3477783203125,50.8673515319824,51.5489387512207,..,..,..
IDA only,IDX,"School enrollment, secondary (% gross)",SE.SEC.ENRR,33.3635292053223,34.0384101867676,34.7691383361816,36.1415405273438,37.2781982421875,38.7645301818848,40.5292205810547,41.9990882873535,42.9612617492676,44.1688385009766,45.3139305114746,45.7617683410645,..,..,..
IDA total,IDA,"School enrollment, secondary (% gross)",SE.SEC.ENRR,36.4132995605469,37.3862190246582,37.9435501098633,39.4380798339844,40.3530311584473,41.6600914001465,43.1826705932617,44.6657981872559,45.4021606445313,46.3633193969727,47.2623405456543,47.7765693664551,..,..,..
India,IND,"School enrollment, secondary (% gross)",SE.SEC.ENRR,49.8231811523438,51.5717010498047,54.1727409362793,55.0823287963867,57.4771995544434,60.5557403564453,59.7939300537109,63.2909393310547,66.4216766357422,69.1641464233398,68.8972091674805,74.2754364013672,73.9692001342773,..,..
Indonesia,IDN,"School enrollment, secondary (% gross)",SE.SEC.ENRR,60.1617317199707,61.8694496154785,60.1328315734863,62.5893783569336,70.5584869384766,69.7292022705078,74.7339935302734,76.5401916503906,79.2102127075195,80.4074172973633,82.4897079467773,82.4686965942383,85.8420791625977,..,..
"Iran, Islamic Rep.",IRN,"School enrollment, secondary (% gross)",SE.SEC.ENRR,76.7807922363281,76.3023300170898,75.8452911376953,77.3779602050781,77.5142974853516,81.007698059082,82.8315811157227,81.9550476074219,85.1179428100586,87.6428375244141,86.6217727661133,88.4066390991211,89.167236328125,..,..
Iraq,IRQ,"School enrollment, secondary (% gross)",SE.SEC.ENRR,42.1826095581055,47.6151084899902,..,..,53.459659576416,..,..,..,..,..,..,..,..,..,..
Ireland,IRL,"School enrollment, secondary (% gross)",SE.SEC.ENRR,104.016006469727,107.532577514648,109.539489746094,110.688217163086,112.889511108398,114.906158447266,118.919776916504,123.462608337402,122.093139648438,126.093330383301,..,127.203300476074,127.481918334961,..,..
Isle of Man,IMN,"School enrollment, secondary (% gross)",SE.SEC.ENRR,..,..,..,..,..,..,..,..,..,..,..,..,..,..,..
Israel,ISR,"School enrollment, secondary (% gross)",SE.SEC.ENRR,105.423332214355,104.506797790527,104.736122131348,104.887542724609,104.268516540527,102.881622314453,101.991691589355,102.055839538574,101.69799041748,101.063987731934,101.531761169434,101.863647460938,102.478813171387,..,..
Italy,ITA,"School enrollment, secondary (% gross)",SE.SEC.ENRR,98.1809768676758,98.0374908447266,98.2896118164063,99.0232009887695,99.6273880004883,100.36238861084,100.718086242676,102.212699890137,102.667488098145,101.677391052246,102.397987365723,102.624938964844,102.902458190918,..,..
Jamaica,JAM,"School enrollment, secondary (% gross)",SE.SEC.ENRR,85.5838317871094,90.8661270141602,90.5708923339844,..,93.2789764404297,94.5544586181641,95.5625610351563,92.8252105712891,92.7189025878906,..,83.2890701293945,83.024658203125,82.1073226928711,..,..
Japan,JPN,"School enrollment, secondary (% gross)",SE.SEC.ENRR,101.9482421875,101.245269775391,100.998527526855,100.980812072754,100.419090270996,100.642967224121,100.92658996582,101.609497070313,101.765426635742,101.807258605957,101.919982910156,101.745613098145,..,..,..
Jordan,JOR,"School enrollment, secondary (% gross)",SE.SEC.ENRR,90.8607330322266,90.7207794189453,91.0151672363281,92.587890625,93.0758819580078,93.959098815918,..,88.5193710327148,86.5984420776367,84.2942886352539,82.6304779052734,82.4455413818359,..,..,..
Kazakhstan,KAZ,"School enrollment, secondary (% gross)",SE.SEC.ENRR,..,..,..,99.3790435791016,..,..,..,97.7344970703125,99.089958190918,101.294570922852,101.868766784668,105.482719421387,109.108100891113,112.0078125,..
Kenya,KEN,"School enrollment, secondary (% gross)",SE.SEC.ENRR,43.1381607055664,47.1885299682617,47.8987998962402,50.0987892150879,52.6734199523926,59.4062118530273,60.4318199157715,..,..,..,..,..,..,..,..
Kiribati,KIR,"School enrollment, secondary (% gross)",SE.SEC.ENRR,88.4086074829102,88.9545974731445,89.0417327880859,87.9679565429688,88.1139678955078,87.1360931396484,..,..,..,..,..,..,..,..,..
"Korea, Dem. People’s Rep.",PRK,"School enrollment, secondary (% gross)",SE.SEC.ENRR,..,..,..,..,..,..,102.055442810059,..,..,..,..,..,93.3960876464844,..,..
"Korea, Rep.",KOR,"School enrollment, secondary (% gross)",SE.SEC.ENRR,90.0078582763672,90.4031066894531,93.2203674316406,97.3012466430664,99.4052200317383,99.1841125488281,98.3680572509766,96.0797882080078,95.7359313964844,96.1991806030273,97.7302932739258,98.4532318115234,98.8820877075195,..,..
Kosovo,XKX,"School enrollment, secondary (% gross)",SE.SEC.ENRR,..,..,..,..,..,..,..,..,..,..,..,..,..,..,..
Kuwait,KWT,"School enrollment, secondary (% gross)",SE.SEC.ENRR,102.478080749512,105.046371459961,110.459770202637,104.730850219727,100.452629089355,95.4851837158203,93.3765487670898,93.5052871704102,93.3080368041992,92.5220336914063,92.5478286743164,93.6036224365234,94.9726486206055,..,..
Kyrgyz Republic,KGZ,"School enrollment, secondary (% gross)",SE.SEC.ENRR,89.5751190185547,88.0242614746094,86.2731781005859,86.0732421875,85.6768798828125,..,85.9818420410156,86.5974731445313,86.4720764160156,87.4094314575195,88.3330993652344,90.7816696166992,92.0504684448242,..,..
Lao PDR,LAO,"School enrollment, secondary (% gross)",SE.SEC.ENRR,41.4804496765137,43.2405090332031,43.5884895324707,42.6912498474121,43.0133514404297,43.5935592651367,44.7047500610352,46.1240196228027,44.8979415893555,47.8338088989258,51.7379608154297,57.235969543457,61.6972389221191,..,..
Late-demographic dividend,LTE,"School enrollment, secondary (% gross)",SE.SEC.ENRR,71.0146179199219,71.8715896606445,72.9963684082031,74.5874328613281,77.1848526000977,80.1088333129883,82.7748870849609,85.8997421264648,88.4741821289063,90.4231262207031,93.8468627929688,93.0990600585938,..,..,..
Latin America & Caribbean,LCN,"School enrollment, secondary (% gross)",SE.SEC.ENRR,85.2488021850586,86.4842071533203,86.8664703369141,86.8373107910156,86.5289001464844,87.7789535522461,88.5381774902344,89.833251953125,89.280647277832,89.6584777832031,93.5160980224609,94.0967483520508,..,..,..
Latin America & Caribbean (excluding high income),LAC,"School enrollment, secondary (% gross)",SE.SEC.ENRR,84.908821105957,86.1564712524414,86.52197265625,86.4775466918945,86.2169189453125,87.5530319213867,88.402702331543,89.7498016357422,89.2155914306641,89.6500473022461,93.4190826416016,94.0217208862305,..,..,..
Latin America & the Caribbean (IDA & IBRD countries),TLA,"School enrollment, secondary (% gross)",SE.SEC.ENRR,85.1333389282227,86.4109573364258,86.7787094116211,86.7301712036133,86.4179763793945,87.7064208984375,88.5072021484375,89.836669921875,89.2904891967773,89.674072265625,93.5781784057617,94.0892791748047,..,..,..
Latvia,LVA,"School enrollment, secondary (% gross)",SE.SEC.ENRR,97.8864212036133,101.124313354492,104.045280456543,104.215278625488,105.813827514648,105.537689208984,98.1160736083984,98.34375,98.6637420654297,98.7889099121094,110.481376647949,115.359802246094,119.492446899414,..,..
Least developed countries: UN classification,LDC,"School enrollment, secondary (% gross)",SE.SEC.ENRR,30.8993892669678,31.374210357666,32.0882987976074,33.4517707824707,34.5182418823242,35.8239517211914,37.6839981079102,39.2140197753906,40.1676902770996,41.3637084960938,42.5431785583496,42.9303512573242,..,..,..
Lebanon,LBN,"School enrollment, secondary (% gross)",SE.SEC.ENRR,87.7015228271484,84.5082321166992,80.4894714355469,77.2925872802734,76.455322265625,76.1764297485352,77.3838195800781,75.3047790527344,76.1327667236328,71.0396728515625,68.2002716064453,61.6670913696289,61.2057495117188,..,..
Lesotho,LSO,"School enrollment, secondary (% gross)",SE.SEC.ENRR,35.88330078125,37.9475593566895,39.5876007080078,39.8398513793945,41.8392486572266,43.798641204834,46.871711730957,50.4023818969727,52.0194511413574,53.2792892456055,51.7281608581543,52.1712112426758,53.772159576416,..,..
Liberia,LBR,"School enrollment, secondary (% gross)",SE.SEC.ENRR,..,..,..,..,..,..,..,..,45.1567916870117,..,..,37.8734817504883,37.2998008728027,..,..
Libya,LBY,"School enrollment, secondary (% gross)",SE.SEC.ENRR,104.94660949707,..,94.8552322387695,101.563491821289,..,..,..,..,..,..,..,..,..,..,..
Liechtenstein,LIE,"School enrollment, secondary (% gross)",SE.SEC.ENRR,111.66381072998,110.761421203613,..,107.011070251465,106.342277526855,107.566116333008,105.68448638916,108.879280090332,111.456573486328,110.373863220215,..,115.557830810547,116.123443603516,..,..
Lithuania,LTU,"School enrollment, secondary (% gross)",SE.SEC.ENRR,107.391899108887,104.722557067871,104.166862487793,102.499649047852,101.681838989258,101.061912536621,100.459136962891,100.963989257813,101.127838134766,101.478462219238,105.411827087402,106.821830749512,108.259651184082,..,..
Low & middle income,LMY,"School enrollment, secondary (% gross)",SE.SEC.ENRR,..,..,..,..,..,..,..,..,..,..,..,..,..,..,..
Low income,LIC,"School enrollment, secondary (% gross)",SE.SEC.ENRR,25.6007995605469,27.0400905609131,28.5438003540039,30.3471298217773,31.5323390960693,33.7037887573242,35.0434608459473,36.7265701293945,38.0223197937012,39.0049591064453,39.1112899780273,39.255931854248,39.3088493347168,..,..
Lower middle income,LMC,"School enrollment, secondary (% gross)",SE.SEC.ENRR,50.7841911315918,52.087760925293,53.0847511291504,54.0888214111328,56.0180702209473,57.6102714538574,58.1545906066895,60.5613594055176,62.764778137207,64.8192520141602,65.7060317993164,67.8562088012695,68.3248291015625,..,..
Luxembourg,LUX,"School enrollment, secondary (% gross)",SE.SEC.ENRR,96.1023101806641,95.458610534668,95.3651885986328,95.9080505371094,96.7242965698242,97.5192108154297,..,101.346168518066,101.017730712891,100.226570129395,102.415588378906,102.26245880127,..,..,..
"Macao SAR, China",MAC,"School enrollment, secondary (% gross)",SE.SEC.ENRR,96.6265029907227,102.800498962402,105.182388305664,107.222427368164,102.972862243652,94.2217330932617,92.262939453125,93.7917175292969,96.8064117431641,96.4264526367188,95.9467086791992,96.0649719238281,96.4791870117188,..,..
"Macedonia, FYR",MKD,"School enrollment, secondary (% gross)",SE.SEC.ENRR,84.2503433227539,84.3949890136719,84.8842163085938,..,84.7135467529297,83.8580322265625,82.9997024536133,83.5029602050781,..,82.0343170166016,79.7165222167969,78.5790481567383,79.2940979003906,..,..
Madagascar,MDG,"School enrollment, secondary (% gross)",SE.SEC.ENRR,..,..,21.1482791900635,23.8917293548584,26.4783096313477,29.0421905517578,30.3851203918457,..,36.5952415466309,38.0275917053223,..,38.434928894043,..,..,..
Malawi,MWI,"School enrollment, secondary (% gross)",SE.SEC.ENRR,..,27.4496002197266,27.2850494384766,29.1465797424316,28.8724002838135,31.2140197753906,31.8391799926758,33.0559616088867,34.187931060791,34.4493789672852,37.6006202697754,39.4920692443848,43.395191192627,..,..
Malaysia,MYS,"School enrollment, secondary (% gross)",SE.SEC.ENRR,71.1599197387695,72.0288619995117,68.7168197631836,67.9923324584961,66.2290267944336,66.1358413696289,65.5722427368164,66.8810424804688,66.5112380981445,69.6057281494141,69.7434921264648,77.7496566772461,77.5712814331055,..,..
Maldives,MDV,"School enrollment, secondary (% gross)",SE.SEC.ENRR,69.4280700683594,69.8193969726563,..,..,..,..,..,..,..,..,..,..,..,..,..
Mali,MLI,"School enrollment, secondary (% gross)",SE.SEC.ENRR,21.909969329834,23.7490196228027,25.5525207519531,27.3869705200195,29.9359798431396,33.3058013916016,36.1991195678711,38.7725791931152,40.6842308044434,..,41.2895889282227,43.5111503601074,41.3074798583984,..,..
Malta,MLT,"School enrollment, secondary (% gross)",SE.SEC.ENRR,93.4519424438477,104.991493225098,102.484931945801,98.6134719848633,100.203010559082,100.135200500488,..,103.987350463867,93.3601837158203,93.8548812866211,93.8434982299805,94.2566680908203,94.8015975952148,..,..
Marshall Islands,MHL,"School enrollment, secondary (% gross)",SE.SEC.ENRR,71.2560119628906,77.6155090332031,75.6834487915039,83.9824829101563,93.1148071289063,100.714286804199,102.892562866211,..,..,..,..,..,76.6118774414063,..,..
Mauritania,MRT,"School enrollment, secondary (% gross)",SE.SEC.ENRR,21.3431396484375,21.8873195648193,22.2522792816162,23.1445598602295,..,18.8246593475342,20.1314601898193,20.3284797668457,22.3833103179932,26.6236705780029,29.3672294616699,29.9353199005127,30.5981101989746,..,..
Mauritius,MUS,"School enrollment, secondary (% gross)",SE.SEC.ENRR,84.5930404663086,85.91015625,88.6555633544922,87.5545806884766,88.4417037963867,88.1301727294922,88.8661804199219,89.2469635009766,90.4111328125,91.8419189453125,94.3422012329102,97.9381637573242,95.696159362793,..,..
Mexico,MEX,"School enrollment, secondary (% gross)",SE.SEC.ENRR,77.3006286621094,78.5518112182617,79.23291015625,80.9089431762695,81.8157119750977,83.2581329345703,82.5707168579102,83.1858901977539,83.5226287841797,85.0917587280273,87.0373764038086,90.549690246582,..,..,..
"Micronesia, Fed. Sts.",FSM,"School enrollment, secondary (% gross)",SE.SEC.ENRR,..,82.5146636962891,83.21533203125,..,..,..,..,..,..,..,..,..,..,..,..
Middle East & North Africa,MEA,"School enrollment, secondary (% gross)",SE.SEC.ENRR,71.3300476074219,72.5403137207031,72.5532836914063,73.0104217529297,72.0263977050781,73.2738723754883,74.7019424438477,75.7031326293945,79.2240524291992,80.3443374633789,78.4495620727539,79.4149322509766,..,..,..
Middle East & North Africa (excluding high income),MNA,"School enrollment, secondary (% gross)",SE.SEC.ENRR,69.7980575561523,70.9205703735352,70.7323684692383,71.0688629150391,69.9171524047852,70.9321670532227,72.5374526977539,73.3513717651367,76.9768524169922,78.0715713500977,75.5985565185547,76.3391799926758,..,..,..
Middle East & North Africa (IDA & IBRD countries),TMN,"School enrollment, secondary (% gross)",SE.SEC.ENRR,69.5684967041016,70.641731262207,70.4215316772461,70.7306823730469,69.5583724975586,70.6047592163086,72.2501068115234,73.1083221435547,76.8364562988281,77.9670181274414,75.4475936889648,76.2059326171875,..,..,..
Middle income,MIC,"School enrollment, secondary (% gross)",SE.SEC.ENRR,60.2797203063965,61.3795394897461,62.2333908081055,63.4234313964844,65.3685302734375,67.2485733032227,68.395751953125,70.7366485595703,72.7770462036133,74.4469833374023,76.1731262207031,77.6374893188477,77.7596588134766,..,..
Moldova,MDA,"School enrollment, secondary (% gross)",SE.SEC.ENRR,85.0727462768555,86.8843383789063,88.0625228881836,89.3221206665039,88.5539093017578,88.2347564697266,88.5966415405273,87.9811325073242,87.719367980957,88.1958694458008,88.336051940918,87.3207626342773,86.1081237792969,..,..
Monaco,MCO,"School enrollment, secondary (% gross)",SE.SEC.ENRR,..,..,..,..,..,..,..,..,..,..,..,..,..,..,..
Mongolia,MNG,"School enrollment, secondary (% gross)",SE.SEC.ENRR,82.7904434204102,87.8221893310547,90.290153503418,89.8729705810547,..,..,97.6740188598633,91.5925521850586,..,..,..,..,91.4623336791992,..,..
Montenegro,MNE,"School enrollment, secondary (% gross)",SE.SEC.ENRR,92.9264526367188,93.401481628418,94.4544830322266,95.5581436157227,96.6789474487305,96.7655792236328,98.7134704589844,100.724853515625,92.4580001831055,91.3880920410156,..,..,90.3422317504883,..,..
Morocco,MAR,"School enrollment, secondary (% gross)",SE.SEC.ENRR,44.7501602172852,48.0540809631348,49.8387489318848,52.5993118286133,55.5792694091797,57.6738014221191,60.4444618225098,62.692138671875,65.7499237060547,69.0629501342773,..,..,..,..,..
Mozambique,MOZ,"School enrollment, secondary (% gross)",SE.SEC.ENRR,..,10.7663202285767,13.0960597991943,15.2495203018188,17.7801990509033,19.8082103729248,22.3239593505859,24.1660194396973,24.8808403015137,24.4109306335449,32.6720581054688,32.0876312255859,32.4318084716797,..,..
Myanmar,MMR,"School enrollment, secondary (% gross)",SE.SEC.ENRR,39.983081817627,43.2043914794922,44.3096809387207,46.2938995361328,46.2593116760254,48.5845603942871,47.965030670166,48.1415710449219,..,..,..,51.2960891723633,..,..,..
Namibia,NAM,"School enrollment, secondary (% gross)",SE.SEC.ENRR,63.6943588256836,63.5796813964844,63.5293197631836,63.6859397888184,64.8425521850586,..,..,..,..,..,..,..,..,..,..
Nauru,NRU,"School enrollment, secondary (% gross)",SE.SEC.ENRR,48.7160110473633,38.9570617675781,47.2440910339355,63.6221694946289,53.5353507995605,62.8659515380859,..,..,..,79.2785186767578,..,82.6366577148438,..,..,..
Nepal,NPL,"School enrollment, secondary (% gross)",SE.SEC.ENRR,45.1618309020996,..,48.7493782043457,45.8995513916016,45.5957794189453,51.8669586181641,52.8033485412598,58.7936210632324,61.1798400878906,64.6816864013672,65.9423065185547,66.8689498901367,67.1698532104492,69.5714721679688,..
Netherlands,NLD,"School enrollment, secondary (% gross)",SE.SEC.ENRR,122.210227966309,119.279891967773,119.330368041992,119.494400024414,120.566360473633,121.62638092041,121.773323059082,123.131759643555,129.081497192383,130.175903320313,132.120910644531,132.317108154297,135.47380065918,..,..
New Caledonia,NCL,"School enrollment, secondary (% gross)",SE.SEC.ENRR,..,..,..,..,..,..,..,..,..,..,..,..,..,..,..
New Zealand,NZL,"School enrollment, secondary (% gross)",SE.SEC.ENRR,118.660606384277,116.471557617188,120.103271484375,118.213958740234,119.041481018066,116.738922119141,124.333549499512,118.951629638672,119.209838867188,118.57006072998,117.223487854004,117.490020751953,116.591590881348,..,..
Nicaragua,NIC,"School enrollment, secondary (% gross)",SE.SEC.ENRR,..,65.4415130615234,68.7969970703125,70.1664962768555,73.9746170043945,73.0168304443359,..,74.188346862793,..,..,..,..,..,..,..
Niger,NER,"School enrollment, secondary (% gross)",SE.SEC.ENRR,7.45998001098633,9.01072978973389,9.9082202911377,11.3075399398804,10.8976497650146,11.2756900787354,11.8469104766846,13.5184497833252,14.3508100509644,15.5687799453735,16.8073806762695,18.8194599151611,20.7498207092285,..,..
Nigeria,NGA,"School enrollment, secondary (% gross)",SE.SEC.ENRR,..,34.7520408630371,34.6991195678711,34.1874008178711,31.6138305664063,35.0979614257813,38.9045181274414,43.8367118835449,45.1510887145996,46.7608299255371,55.7042198181152,..,..,..,..
North America,NAC,"School enrollment, secondary (% gross)",SE.SEC.ENRR,95.573127746582,96.0165328979492,96.1630706787109,95.9516296386719,96.5866394042969,96.5448913574219,96.0777282714844,95.039306640625,95.4498062133789,96.3360595703125,97.1710433959961,98.6580581665039,..,..,..
Northern Mariana Islands,MNP,"School enrollment, secondary (% gross)",SE.SEC.ENRR,..,..,..,..,..,..,..,..,..,..,..,..,..,..,..
Norway,NOR,"School enrollment, secondary (% gross)",SE.SEC.ENRR,113.54418182373,115.489669799805,113.876167297363,114.040771484375,113.625671386719,112.737602233887,111.694328308105,113.23055267334,112.98291015625,110.720718383789,113.014617919922,112.595001220703,112.989242553711,..,..
Not classified,INX,"School enrollment, secondary (% gross)",SE.SEC.ENRR,..,..,..,..,..,..,..,..,..,..,..,..,..,..,..
OECD members,OED,"School enrollment, secondary (% gross)",SE.SEC.ENRR,97.998420715332,96.9915466308594,97.563606262207,97.5005035400391,97.8160934448242,97.9972991943359,96.9935836791992,97.5742874145508,97.7712936401367,97.9409790039063,102.919563293457,103.943069458008,..,..,..
Oman,OMN,"School enrollment, secondary (% gross)",SE.SEC.ENRR,86.9108734130859,..,88.5339813232422,88.3992309570313,91.0924987792969,94.9884033203125,101.110527038574,..,101.88939666748,99.6489791870117,97.8823318481445,..,104.233268737793,..,..
Other small states,OSS,"School enrollment, secondary (% gross)",SE.SEC.ENRR,58.2252502441406,60.1045417785645,61.2724494934082,62.1665916442871,63.1852416992188,63.5754585266113,64.8803787231445,66.0655288696289,66.2556610107422,66.3392715454102,66.5515289306641,66.8928604125977,..,..,..
Pacific island small states,PSS,"School enrollment, secondary (% gross)",SE.SEC.ENRR,69.2666473388672,70.1309509277344,69.7804412841797,71.3341369628906,71.31787109375,72.3794403076172,73.5527267456055,75.703369140625,75.8065567016602,74.3924026489258,74.2145233154297,..,..,..,..
Pakistan,PAK,"School enrollment, secondary (% gross)",SE.SEC.ENRR,22.8585891723633,25.2729797363281,26.5000591278076,32.2429504394531,34.7094802856445,35.1726188659668,35.2636604309082,35.848461151123,36.7116012573242,38.2846603393555,39.8273582458496,41.6382598876953,44.5258712768555,..,..
Palau,PLW,"School enrollment, secondary (% gross)",SE.SEC.ENRR,103.227272033691,98.7831420898438,98.6335372924805,100.726982116699,95.737190246582,..,..,..,..,..,115.469612121582,113.597732543945,..,95.7477035522461,..
Panama,PAN,"School enrollment, secondary (% gross)",SE.SEC.ENRR,..,67.9556579589844,68.2174301147461,67.9933624267578,68.2369995117188,69.0572814941406,70.1822204589844,71.3477172851563,70.8569107055664,85.640510559082,75.4985122680664,75.5586013793945,..,..,..
Papua New Guinea,PNG,"School enrollment, secondary (% gross)",SE.SEC.ENRR,..,..,..,..,..,..,..,..,..,40.346321105957,..,..,..,..,..
Paraguay,PRY,"School enrollment, secondary (% gross)",SE.SEC.ENRR,65.9301681518555,67.0840072631836,66.9193115234375,66.3551483154297,66.2410430908203,67.1824569702148,67.4897537231445,68.3235473632813,70.3903198242188,76.5734786987305,..,..,..,..,..
Peru,PER,"School enrollment, secondary (% gross)",SE.SEC.ENRR,81.4019393920898,84.5791015625,85.4473190307617,88.0708618164063,90.5189590454102,91.0475692749023,93.401237487793,94.7000274658203,95.20703125,93.4310531616211,97.8976669311523,95.6218414306641,95.7445220947266,..,..
Philippines,PHL,"School enrollment, secondary (% gross)",SE.SEC.ENRR,81.215087890625,83.2618103027344,82.8460693359375,81.2367935180664,81.2447891235352,82.0219268798828,84.2525405883789,..,..,..,88.3889236450195,..,..,..,..
Poland,POL,"School enrollment, secondary (% gross)",SE.SEC.ENRR,104.193733215332,96.2513427734375,98.4779434204102,97.9391937255859,97.6943511962891,97.1802215576172,96.6772994995117,96.7339401245117,96.9882278442383,97.44140625,108.702621459961,108.104682922363,..,..,..
Portugal,PRT,"School enrollment, secondary (% gross)",SE.SEC.ENRR,106.556777954102,95.1440582275391,98.0207824707031,98.5806121826172,102.078819274902,103.834838867188,106.071563720703,106.947952270508,106.816780090332,108.95246887207,119.739730834961,116.395401000977,119.135192871094,..,..
Post-demographic dividend,PST,"School enrollment, secondary (% gross)",SE.SEC.ENRR,101.667137145996,100.659896850586,101.193336486816,100.64575958252,100.80558013916,101.03498840332,100.993072509766,101.166030883789,100.928359985352,101.59790802002,105.533363342285,106.396362304688,..,..,..
Pre-demographic dividend,PRE,"School enrollment, secondary (% gross)",SE.SEC.ENRR,26.6883792877197,28.4401206970215,29.2573204040527,30.3066101074219,31.0429801940918,33.7861404418945,36.0752792358398,38.3544692993164,39.2729415893555,40.1539916992188,40.4865684509277,41.1023788452148,..,..,..
Puerto Rico,PRI,"School enrollment, secondary (% gross)",SE.SEC.ENRR,..,..,..,..,..,..,85.2310333251953,82.9757614135742,78.3189926147461,79.3627395629883,80.803596496582,81.288818359375,..,..,..
Qatar,QAT,"School enrollment, secondary (% gross)",SE.SEC.ENRR,97.6200790405273,100.914627075195,99.0998229980469,93.9825134277344,84.0566177368164,87.8601303100586,91.6693115234375,101.146118164063,..,..,..,83.8015975952148,91.172492980957,..,..
Romania,ROU,"School enrollment, secondary (% gross)",SE.SEC.ENRR,82.7493591308594,82.7507400512695,83.7156295776367,85.0638275146484,89.2293014526367,95.3510894775391,97.9438323974609,100.238693237305,100.419639587402,99.3621368408203,97.8878173828125,94.7750778198242,92.2522125244141,..,..
Russian Federation,RUS,"School enrollment, secondary (% gross)",SE.SEC.ENRR,91.527961730957,85.3422088623047,82.9429016113281,82.7454986572266,83.043098449707,83.2717590332031,84.9572296142578,..,92.0477981567383,96.1664505004883,98.8253173828125,100.586227416992,104.483131408691,..,..
Rwanda,RWA,"School enrollment, secondary (% gross)",SE.SEC.ENRR,12.8532695770264,14.513090133667,15.9865703582764,18.0597496032715,20.6621398925781,22.6698093414307,27.2079296112061,32.7618598937988,36.3349418640137,38.3910713195801,40.1597900390625,39.1157684326172,36.6869697570801,..,..
Samoa,WSM,"School enrollment, secondary (% gross)",SE.SEC.ENRR,83.715690612793,83.5965805053711,82.9532928466797,83.7396087646484,83.8857421875,..,86.1270065307617,87.6593170166016,86.3706817626953,85.71044921875,..,86.8512191772461,84.9560394287109,..,..
San Marino,SMR,"School enrollment, secondary (% gross)",SE.SEC.ENRR,..,..,..,..,..,..,95.5685577392578,97.2095031738281,94.947868347168,94.6519927978516,..,..,..,..,..
Sao Tome and Principe,STP,"School enrollment, secondary (% gross)",SE.SEC.ENRR,37.4833488464355,40.1091499328613,43.1704216003418,..,48.8039093017578,46.1380081176758,52.0747413635254,52.9636993408203,51.4236297607422,59.2291488647461,65.9141998291016,76.898063659668,84.9381866455078,86.1944885253906,..
Saudi Arabia,SAU,"School enrollment, secondary (% gross)",SE.SEC.ENRR,..,..,86.1668701171875,..,90.3536529541016,..,95.677131652832,..,..,..,107.682876586914,108.287879943848,..,..,..
Senegal,SEN,"School enrollment, secondary (% gross)",SE.SEC.ENRR,..,20.0019397735596,22.0166893005371,23.7105598449707,..,29.7436790466309,..,35.5976982116699,40.0677604675293,..,..,..,49.6467590332031,..,..
Serbia,SRB,"School enrollment, secondary (% gross)",SE.SEC.ENRR,88.2943801879883,88.1681365966797,88.5904083251953,88.9565811157227,89.5007400512695,90.4638137817383,91.4844589233398,91.4276275634766,93.6310501098633,94.1696166992188,94.4092102050781,94.3444137573242,96.6696090698242,..,..
Seychelles,SYC,"School enrollment, secondary (% gross)",SE.SEC.ENRR,74.9677505493164,74.9717483520508,81.7954406738281,74.5623321533203,78.486930847168,75.6526718139648,75.5235977172852,74.1315002441406,71.9065933227539,80.8899993896484,78.3947982788086,79.1494522094727,81.6024703979492,..,..
Sierra Leone,SLE,"School enrollment, secondary (% gross)",SE.SEC.ENRR,..,..,..,..,..,..,..,..,44.3241500854492,49.1665115356445,43.4242897033691,..,43.2502593994141,..,..
Singapore,SGP,"School enrollment, secondary (% gross)",SE.SEC.ENRR,..,..,..,..,..,..,..,..,..,..,..,..,..,..,..
Sint Maarten (Dutch part),SXM,"School enrollment, secondary (% gross)",SE.SEC.ENRR,..,..,..,..,..,..,..,..,..,..,..,..,..,..,..
Slovak Republic,SVK,"School enrollment, secondary (% gross)",SE.SEC.ENRR,90.4693298339844,92.9919815063477,93.7164916992188,93.10498046875,92.6773834228516,92.0393981933594,91.9837799072266,92.6429595947266,93.1305084228516,93.3659210205078,91.8170471191406,91.9221572875977,92.4665374755859,..,..
Slovenia,SVN,"School enrollment, secondary (% gross)",SE.SEC.ENRR,109.022453308105,97.1549301147461,97.1232528686523,96.8354721069336,98.2564468383789,98.1013488769531,97.7940368652344,97.8589782714844,97.8459014892578,97.8559494018555,110.947959899902,110.670753479004,..,..,..
Small states,SST,"School enrollment, secondary (% gross)",SE.SEC.ENRR,64.2468566894531,66.026496887207,66.8071823120117,67.7218399047852,68.5869216918945,69.0591812133789,70.1384811401367,71.0981826782227,71.3555221557617,70.2607192993164,69.5286331176758,69.6917572021484,..,..,..
Solomon Islands,SLB,"School enrollment, secondary (% gross)",SE.SEC.ENRR,..,..,30.3960494995117,35.0029907226563,35.6903114318848,..,..,48.6354713439941,47.8801002502441,48.4367904663086,..,..,..,..,..
Somalia,SOM,"School enrollment, secondary (% gross)",SE.SEC.ENRR,..,..,..,..,7.35304021835327,..,..,..,..,..,..,..,..,..,..
South Africa,ZAF,"School enrollment, secondary (% gross)",SE.SEC.ENRR,87.0811004638672,88.501350402832,88.9131774902344,90.976692199707,91.7229919433594,89.4957580566406,90.1722717285156,90.2535171508789,91.0553131103516,91.9577331542969,..,98.8196716308594,..,..,..
South Asia,SAS,"School enrollment, secondary (% gross)",SE.SEC.ENRR,46.6566886901855,47.9608917236328,49.9256591796875,51.4135818481445,53.5425682067871,55.955249786377,55.8892707824707,58.9243392944336,61.4980812072754,64.0870895385742,64.5729675292969,64.7934265136719,..,..,..
South Asia (IDA & IBRD),TSA,"School enrollment, secondary (% gross)",SE.SEC.ENRR,46.6566886901855,47.9608917236328,49.9256591796875,51.4135818481445,53.5425682067871,55.955249786377,55.8892707824707,58.9243392944336,61.4980812072754,64.0870895385742,64.5729675292969,64.7934265136719,..,..,..
South Sudan,SSD,"School enrollment, secondary (% gross)",SE.SEC.ENRR,..,..,..,..,..,..,..,..,9.01533031463623,..,..,..,9.51756000518799,..,..
Spain,ESP,"School enrollment, secondary (% gross)",SE.SEC.ENRR,112.232818603516,113.957473754883,117.513137817383,117.542671203613,117.50553894043,117.66780090332,118.394638061523,124.384063720703,128.592163085938,131.034164428711,131.086044311523,130.164657592773,129.810485839844,..,..
Sri Lanka,LKA,"School enrollment, secondary (% gross)",SE.SEC.ENRR,..,..,..,..,..,..,..,96.9323577880859,99.1195831298828,99.6474380493164,99.7245101928711,..,..,..,..
St. Kitts and Nevis,KNA,"School enrollment, secondary (% gross)",SE.SEC.ENRR,88.3379974365234,84.5354080200195,86.9536437988281,..,104.651702880859,102.185028076172,98.6143188476563,97.5107498168945,94.481086730957,78.8028335571289,101.203796386719,91.5183181762695,90.3914566040039,..,..
St. Lucia,LCA,"School enrollment, secondary (% gross)",SE.SEC.ENRR,74.603630065918,73.7402725219727,77.763801574707,82.3095016479492,88.0427780151367,93.7148895263672,95.4548110961914,95.2089385986328,94.6398315429688,91.1065673828125,88.3851089477539,86.4571990966797,85.142707824707,..,..
St. Martin (French part),MAF,"School enrollment, secondary (% gross)",SE.SEC.ENRR,..,..,..,..,..,..,..,..,..,..,..,..,..,..,..
St. Vincent and the Grenadines,VCT,"School enrollment, secondary (% gross)",SE.SEC.ENRR,86.2829513549805,94.3043670654297,89.4703063964844,..,103.978530883789,108.268226623535,109.475257873535,107.528701782227,103.553833007813,100.978866577148,102.972061157227,104.686706542969,106.436256408691,..,..
Sub-Saharan Africa,SSF,"School enrollment, secondary (% gross)",SE.SEC.ENRR,29.8312892913818,31.3551406860352,32.3138084411621,33.3671913146973,34.393970489502,36.4396781921387,38.2817993164063,40.206169128418,41.0554695129395,41.7950286865234,42.1923408508301,42.7429389953613,..,..,..
Sub-Saharan Africa (excluding high income),SSA,"School enrollment, secondary (% gross)",SE.SEC.ENRR,29.8263301849365,31.3505706787109,32.3088607788086,33.3625984191895,34.3896903991699,36.4359893798828,38.2784118652344,40.2032318115234,41.0525894165039,41.7920112609863,42.1900405883789,42.7407188415527,..,..,..
Sub-Saharan Africa (IDA & IBRD countries),TSS,"School enrollment, secondary (% gross)",SE.SEC.ENRR,29.8312892913818,31.3551406860352,32.3138084411621,33.3671913146973,34.393970489502,36.4396781921387,38.2817993164063,40.206169128418,41.0554695129395,41.7950286865234,42.1923408508301,42.7429389953613,..,..,..
Sudan,SDN,"School enrollment, secondary (% gross)",SE.SEC.ENRR,34.644718170166,37.7845191955566,37.5253410339355,35.7197113037109,35.0192794799805,37.0252494812012,40.9225692749023,41.180591583252,36.5056915283203,40.2119216918945,42.6984596252441,..,..,..,..
Suriname,SUR,"School enrollment, secondary (% gross)",SE.SEC.ENRR,..,..,68.2028579711914,72.1287384033203,74.0848236083984,76.2845077514648,75.0695495605469,79.3294906616211,77.4494476318359,78.2933883666992,78.9482498168945,77.4317016601563,81.1426773071289,..,..
Swaziland,SWZ,"School enrollment, secondary (% gross)",SE.SEC.ENRR,41.4144287109375,44.7565002441406,46.620288848877,50.3387298583984,53.9873809814453,..,54.0887718200684,57.9735794067383,59.9112586975098,61.4061813354492,62.9931182861328,66.0280914306641,..,..,..
Sweden,SWE,"School enrollment, secondary (% gross)",SE.SEC.ENRR,137.063598632813,103.331199645996,104.11051940918,103.63069152832,102.639511108398,101.590461730957,99.6932907104492,98.1906585693359,96.9110412597656,98.0395889282227,128.463043212891,132.910934448242,140.458831787109,..,..
Switzerland,CHE,"School enrollment, secondary (% gross)",SE.SEC.ENRR,93.5237731933594,94.1500778198242,95.1818237304688,95.7537536621094,95.6272735595703,95.6073303222656,95.3374481201172,95.8614730834961,96.187629699707,96.2256622314453,98.6082992553711,99.7694091796875,101.213966369629,..,..
Syrian Arab Republic,SYR,"School enrollment, secondary (% gross)",SE.SEC.ENRR,62.9835891723633,66.4533615112305,69.97216796875,71.1070404052734,72.137809753418,72.5715866088867,72.0005493164063,72.8570022583008,75.2968978881836,77.2896423339844,50.4892196655273,..,..,..,..
Tajikistan,TJK,"School enrollment, secondary (% gross)",SE.SEC.ENRR,79.6014785766602,80.3312225341797,80.412971496582,81.4009475708008,82.4576034545898,83.2024536132813,83.6792907714844,84.4311904907227,85.6090774536133,86.8061065673828,87.8946533203125,..,..,..,..
Tanzania,TZA,"School enrollment, secondary (% gross)",SE.SEC.ENRR,..,..,..,..,..,..,..,31.1437091827393,..,34.2448997497559,32.2560806274414,..,..,..,..
Thailand,THA,"School enrollment, secondary (% gross)",SE.SEC.ENRR,..,66.8892135620117,71.5597534179688,71.7622985839844,77.4421463012695,78.2238006591797,80.8528289794922,83.621452331543,87.4439697265625,87.1241226196289,86.2055892944336,127.73267364502,129.001708984375,..,..
Timor-Leste,TLS,"School enrollment, secondary (% gross)",SE.SEC.ENRR,46.4428596496582,55.064868927002,53.5517692565918,..,..,50.849479675293,61.8581886291504,67.4555206298828,70.6364288330078,71.8170471191406,70.7757263183594,73.0743026733398,76.7647094726563,..,..
Togo,TGO,"School enrollment, secondary (% gross)",SE.SEC.ENRR,41.1047515869141,42.6063613891602,45.0299682617188,47.006721496582,44.025089263916,..,..,..,54.7085914611816,..,..,..,..,..,..
Tonga,TON,"School enrollment, secondary (% gross)",SE.SEC.ENRR,119.92839050293,105.59903717041,..,101.514930725098,104.914726257324,104.231369018555,103.871467590332,104.158737182617,104.56974029541,91.14111328125,90.6425628662109,90.0993728637695,..,..,..
Trinidad and Tobago,TTO,"School enrollment, secondary (% gross)",SE.SEC.ENRR,..,85.5115432739258,..,..,..,..,..,..,..,..,..,..,..,..,..
Tunisia,TUN,"School enrollment, secondary (% gross)",SE.SEC.ENRR,77.5476379394531,81.6490478515625,84.8042221069336,86.9571228027344,90.6678314208984,92.5060195922852,90.7847900390625,90.4287872314453,92.0575714111328,..,90.1417770385742,87.6324081420898,88.2040634155273,..,..
Turkey,TUR,"School enrollment, secondary (% gross)",SE.SEC.ENRR,89.3330917358398,86.235481262207,83.426872253418,87.4504318237305,89.9508438110352,88.2860488891602,79.8890380859375,84.204231262207,88.307258605957,85.1072387695313,100.277938842773,102.541236877441,102.488761901855,..,..
Turkmenistan,TKM,"School enrollment, secondary (% gross)",SE.SEC.ENRR,..,..,..,..,..,..,..,..,..,..,..,85.341423034668,..,..,..
Turks and Caicos Islands,TCA,"School enrollment, secondary (% gross)",SE.SEC.ENRR,..,..,..,..,..,..,..,..,..,..,..,..,..,..,..
Tuvalu,TUV,"School enrollment, secondary (% gross)",SE.SEC.ENRR,..,..,..,..,..,..,..,..,..,..,..,80.7666397094727,86.1631011962891,..,..
Uganda,UGA,"School enrollment, secondary (% gross)",SE.SEC.ENRR,..,19.3740196228027,..,..,24.5164108276367,..,..,..,..,..,..,..,23.2365398406982,..,..
Ukraine,UKR,"School enrollment, secondary (% gross)",SE.SEC.ENRR,106.682991027832,102.294250488281,96.9960403442383,97.6786270141602,97.0634536743164,96.0510482788086,94.9358215332031,95.0912704467773,93.2495422363281,97.1062927246094,98.3499526977539,99.2369384765625,..,..,..
United Arab Emirates,ARE,"School enrollment, secondary (% gross)",SE.SEC.ENRR,..,..,..,..,..,..,..,..,..,..,..,..,..,..,..
United Kingdom,GBR,"School enrollment, secondary (% gross)",SE.SEC.ENRR,102.071769714355,104.633430480957,105.387283325195,98.2945098876953,96.9335784912109,97.7837295532227,99.3622817993164,101.90885925293,92.8483276367188,91.3931427001953,124.425971984863,127.81128692627,..,..,..
United States,USA,"School enrollment, secondary (% gross)",SE.SEC.ENRR,95.005241394043,95.5024871826172,95.6731796264648,95.4037475585938,96.0739364624023,95.9754180908203,95.4182510375977,94.3113098144531,94.6760482788086,94.9803237915039,95.9295806884766,97.5646896362305,..,..,..
Upper middle income,UMC,"School enrollment, secondary (% gross)",SE.SEC.ENRR,71.6946334838867,72.578498840332,73.4821395874023,75.2481384277344,77.6678314208984,80.471061706543,82.9747772216797,85.8684234619141,88.2616577148438,89.9128036499023,93.476921081543,94.2282333374023,94.0916595458984,..,..
Uruguay,URY,"School enrollment, secondary (% gross)",SE.SEC.ENRR,109.130836486816,106.975929260254,101.215507507324,100.812049865723,91.8318862915039,87.6862487792969,90.0737762451172,90.2958526611328,..,..,107.967376708984,95.0718612670898,..,..,..
Uzbekistan,UZB,"School enrollment, secondary (% gross)",SE.SEC.ENRR,96.8782196044922,97.9767990112305,89.748908996582,90.3904113769531,92.4736480712891,91.9651565551758,94.0329208374023,94.8977432250977,95.4134979248047,97.2519073486328,96.5903778076172,96.3335189819336,95.6401824951172,95.923942565918,..
Vanuatu,VUT,"School enrollment, secondary (% gross)",SE.SEC.ENRR,40.3505516052246,42.7556190490723,..,..,..,..,..,59.5326995849609,..,..,..,..,54.8158416748047,..,..
"Venezuela, RB",VEN,"School enrollment, secondary (% gross)",SE.SEC.ENRR,68.0286407470703,70.5816268920898,72.9543914794922,75.6100921630859,78.145866394043,79.9128112792969,80.8936920166016,80.9477615356445,82.0646820068359,84.3941497802734,92.1246795654297,91.6112823486328,89.6640090942383,..,..
Vietnam,VNM,"School enrollment, secondary (% gross)",SE.SEC.ENRR,..,..,..,..,..,..,..,..,..,..,..,..,..,..,..
Virgin Islands (U.S.),VIR,"School enrollment, secondary (% gross)",SE.SEC.ENRR,..,..,..,..,..,..,..,..,..,..,..,..,..,..,..
West Bank and Gaza,PSE,"School enrollment, secondary (% gross)",SE.SEC.ENRR,84.7935409545898,88.5054626464844,89.6348876953125,90.8078765869141,90.3061599731445,88.7745666503906,87.5614624023438,85.6314163208008,83.870719909668,83.0920333862305,82.5386199951172,82.2404479980469,82.9962310791016,..,..
World,WLD,"School enrollment, secondary (% gross)",SE.SEC.ENRR,62.1646690368652,62.9559211730957,63.779411315918,64.7345809936523,66.3256607055664,67.9505386352539,68.885368347168,70.8051376342773,72.3765869140625,73.7062225341797,75.3790512084961,76.4463729858398,76.4230728149414,..,..
"Yemen, Rep.",YEM,"School enrollment, secondary (% gross)",SE.SEC.ENRR,46.6096000671387,47.1999893188477,45.6537399291992,..,..,42.2962913513184,..,43.3746185302734,45.4309310913086,46.236141204834,48.6246604919434,..,..,..,..
Zambia,ZMB,"School enrollment, secondary (% gross)",SE.SEC.ENRR,..,..,..,..,..,..,..,..,..,..,..,..,..,..,..
Zimbabwe,ZWE,"School enrollment, secondary (% gross)",SE.SEC.ENRR,37.6187591552734,..,..,..,..,..,..,..,..,46.6731796264648,47.5701904296875,..,..,..,..
,,,,,,,,,,,,,,,,,,
,,,,,,,,,,,,,,,,,,
,,,,,,,,,,,,,,,,,,
Data from database: World Development Indicators,,,,,,,,,,,,,,,,,,
Last Updated: 01/25/2018,,,,,,,,,,,,,,,,,,
