Country Name,Series Name,2003 [YR2003],2004 [YR2004],2005 [YR2005],2006 [YR2006],2007 [YR2007],2008 [YR2008],2009 [YR2009],2010 [YR2010],2011 [YR2011],2012 [YR2012],2013 [YR2013],2014 [YR2014],2015 [YR2015],2016 [YR2016],2017 [YR2017]
Afghanistan,GDP (current US$),4583644246.48061,5285465685.86423,6275073571.54659,7057598406.61553,9843842455.48323,10190529882.4878,12486943505.7381,15936800636.2487,17930239399.8149,20536542736.7297,20046334303.9661,20050189881.6659,19215562179.0117,19469022207.6852,0
Albania,GDP (current US$),5746945912.58082,7314865175.6199,8158548716.68554,8992642348.7871,10701011896.7708,12881352687.7773,12044212903.8168,11926953258.916,12890867538.5302,12319784787.2987,12776277515.48,13228244357.1813,11335264966.561,11863865978.0942,0
Algeria,GDP (current US$),67863829880.4832,85324998813.604,103198228458.588,117027304746.54,134977087734.008,171000691877.714,137211039898.193,161207268655.392,200019057307.655,209058991952.125,209755003250.664,213810022462.428,165874330876.321,159049096745.249,0
American Samoa,GDP (current US$),527000000,512000000,503000000,496000000,520000000,563000000,678000000,576000000,574000000,644000000,641000000,643000000,659000000,658000000,0
Andorra,GDP (current US$),2398645598.19413,2935659299.72684,3255789080.96008,3543256805.92147,4016972351.49192,4007353156.58415,3660530702.97305,3355695364.23841,3442062830.13622,3164615186.94591,3281585236.32501,3350736367.25488,2811489408.89431,2858517699.11504,0
Angola,GDP (current US$),14188949190.618,19640848728.8937,28233712830.9035,41789478661.3096,60448921272.2326,84178032716.0971,75492384801.3695,82470913120.7314,104115923082.737,115398371427.673,124912063308.202,126776874216.703,102962245246.708,95335111741.2025,0
Antigua and Barbuda,GDP (current US$),855643099.62963,919577142.592592,1022191294.07407,1157005441.48148,1311401318.88889,1368431037.03704,1224253000,1152469074.07407,1142042925.92593,1211411703.7037,1192925407.40741,1280133333.33333,1364863037.03704,1460144703.7037,0
Arab World,GDP (current US$),823110541440.464,963862340520.581,1184661549595.13,1404113530800.68,1637573196970.62,2078115659876.48,1795819607113.11,2109645821948.41,2501553648412.73,2741238538444.31,2839626635836.57,2906616435186.9,2563301730344.96,2504702625568.63,0
Argentina,GDP (current US$),127586973492.177,164657930452.787,198737095012.282,232557260817.308,287530508430.568,361558037110.419,332976484577.619,423627422092.49,530163281574.658,545982375701.128,552025140252.246,526319673731.638,584711485367.267,545476103427.247,0
Armenia,GDP (current US$),2807061008.69084,3576615240.41616,4900469950.09033,6384451606.1421,9206301700.39619,11662040713.8753,8647936747.98704,9260284937.79782,10142111334.4961,10619320048.5857,11121465767.4067,11609512939.7543,10553337672.9872,10572298341.5618,0
Aruba,GDP (current US$),2021301675.97765,2228279329.60894,2331005586.59218,2421474860.3352,2623726256.98324,2791960893.85475,2498932960.89385,2467703910.61453,2584463687.15084,0,0,0,0,0,0
Australia,GDP (current US$),466853232382.062,613329776639.636,693764095624.718,747572626534.891,853764622752.61,1055334825425.25,927168310999.853,1142876772659.21,1390557034407.97,1538194473087.23,1567178619062.28,1459597906912.7,1345383143356.35,1204616439828.41,0
Austria,GDP (current US$),261695778781.038,300904221504.842,315974418604.651,335998557270.104,388691445387.353,430294287388.311,400172297860.517,391892746544.69,431120310088.82,409425234155.263,430068712971.867,441885415805.825,382065930307.978,390799991147.468,0
Azerbaijan,GDP (current US$),7276013031.96905,8680472168.51531,13245716099.0057,20983019923.8863,33050343782.7759,48852482960.0779,44291490420.5026,52902703376.1056,65951627200.2026,69684317718.9409,74164435946.4627,75244166772.9185,53074370486.0433,37847715736.0406,0
"Bahamas, The",GDP (current US$),6949317000,7094413000,7706222000,7965588000,8318996000,8247000000,7820000000,7910000000,7890000000,10720500000,10677200000,10843800000,11240000000,11261800000,0
Bahrain,GDP (current US$),11074822074.4681,13150166755.3191,15968726861.7021,18505053191.4894,21730000000,25710877659.5745,22938218085.1064,25713271276.5957,28776595744.6809,30749308510.6383,32539547872.3404,33387712765.9575,31125851063.8298,32179069148.9362,0
Bangladesh,GDP (current US$),60158929188.2556,65108544250.0425,69442943089.4309,71819083683.7403,79611888213.148,91631278239.3237,102477791472.39,115279077465.226,128637938711.386,133355749482.478,149990451022.29,172885454931.453,195078665827.565,221415162445.648,0
Barbados,GDP (current US$),3274850000,3514350000,3897300000,4246600000,4523750000,4607300000,4434050000,4461650000,4660900000,4656350000,4612500000,4608350000,4584150000,4529050000,0
Belarus,GDP (current US$),17825436034.5366,23141587717.7633,30210091836.8294,36961821893.6976,45275747860.6442,60763483146.0674,49209523809.5238,57222490768.7143,61757788944.7236,65685102554.8759,75527984234.2342,78813839984.3506,56454734396.5842,47407217531.162,0
Belgium,GDP (current US$),319002821670.429,370885026074,387365750528.541,409813197842.178,471821105940.323,518625897172.99,484552792442.345,483548031197.108,527008453886.929,497884216568.867,520925468952.938,531075861047.287,455200045095.643,467955709817.539,0
Belize,GDP (current US$),990374050,1057845500,1114222550,1217467600,1290573400,1368625150,1336957250,1397113450,1486712300,1573618750,1613705850,1706497950,1742545900,1741100000,0
Benin,GDP (current US$),3905366187.87017,4521424807.22519,4803702821.08055,5142380779.44103,5969535131.58016,7132787396.66547,7097198711.61023,6970240895.49888,7814081155.64988,8152554487.31321,9156748441.42175,9707432015.61441,8290986804.45245,8583031398.21675,0
Bermuda,GDP (current US$),4186525000,4484703000,4868136000,5414299000,5895048000,6109928000,5806378000,5744414000,5550771000,5537537000,5573710000,0,0,0,0
Bhutan,GDP (current US$),622026107.771576,702682018.976169,818869145.124717,897731524.929922,1196091805.02316,1258332337.28382,1264758197.96593,1585472534.10547,1820207625.80217,1823692109.61652,1798333725.83954,1944782820.88824,2059258652.94668,2212638830.39439,0
Bolivia,GDP (current US$),8082364868.39357,8773451738.91129,9549077869.1065,11451869164.7112,13120159975.5451,16674324634.2373,17339992165.2422,19649631308.1648,23963033443.8518,27084497539.7974,30659338929.0883,32996187988.4226,33000198263.3864,33806395513.7482,0
Bosnia and Herzegovina,GDP (current US$),8370020196.19158,10022840634.9206,11225138297.1959,12866524918.2221,15776422673.198,19112739664.4697,17613836209.9581,17176781336.7644,18644723860.9709,17226849297.07,18178503835.4491,18558343508.3435,16209702863.6235,16910277133.6463,0
Botswana,GDP (current US$),7511582173.37724,8957467706.5354,9931134940.51346,10126940513.3125,10939053367.1521,10945070441.9283,10267133177.7334,12786654365.8738,15682926895.9668,14686278707.4589,14915780538.6724,16259445052.5565,14430573505.3797,15581137273.7728,0
Brazil,GDP (current US$),558320116997.075,669316239316.239,891629970423.924,1107640325472.35,1397084381901.29,1695824517395.57,1667019605881.76,2208871646202.82,2616201578192.25,2465188674415.03,2472806919901.67,2455993200170,1803652649613.75,1796186586414.45,0
British Virgin Islands,GDP (current US$),0,0,0,0,0,0,0,0,0,0,0,0,0,0,0
Brunei Darussalam,GDP (current US$),6557333084.60567,7872333215.00414,9531402847.87311,11470703002.0769,12247694247.2298,14393099068.5859,10732366286.2643,13707370737.0737,18525319977.7407,19048495518.5659,18093829923.2737,17098342541.4365,12930394937.8137,11400653731.9916,0
Bulgaria,GDP (current US$),21074775206.3254,26094622563.6468,29821662537.3229,34304448149.8108,44765733379.986,54409138498.3548,51884481410.3931,50610031135.7791,57418391041.5926,53903028252.2996,55758744571.1183,56732006512.0065,50199117547.0415,53237882472.7108,0
Burkina Faso,GDP (current US$),4205691222.11396,4838551099.70985,5462709498.45119,5844669845.53733,6771277870.96412,8369637065.40255,8369175126.25316,8979966766.07232,10724063457.8326,11166063466.5623,11947176341.9966,12377391462.6377,10419303761.3524,11693235542.0671,0
Burundi,GDP (current US$),784654423.620476,915257323.3961,1117257279.46188,1273180597.02711,1356078278.18821,1611634331.64869,1739781488.7457,2026864469.36388,2355652125.85184,2472384906.99793,2714505634.52629,3093647226.8107,3066681386.73841,3007029030.4001,0
Cabo Verde,GDP (current US$),813963830.179217,924318490.7598,971977088.156914,1107891063.43863,1513934037.24782,1789333748.6799,1711817181.52969,1664310769.55229,1864824080.69256,1751888561.72747,1850951315.45564,1858121723.24993,1574288667.69981,1617467435.77007,0
Cambodia,GDP (current US$),4658246918.27092,5337833248.03924,6293046161.83262,7274595706.67154,8639235842.18075,10351914093.1723,10401851850.6108,11242275198.9783,12829541141.0127,14038383450.186,15449630418.5486,16777820332.7059,18049954289.4229,20016747754.0192,0
Cameroon,GDP (current US$),14548845764.5325,17430933517.2998,17944084201.4901,19356046327.8995,22365265025.66,26409781215.1844,26017925551.8426,26143818509.6421,29337006833.0825,29104437355.0395,32348149947.3727,34942948737.3967,30916218544.4404,32217497470.489,0
Canada,GDP (current US$),892380986367.854,1023196003074.56,1169357979864.66,1315415197461.21,1464977190205.75,1549131208997.19,1371153004986.44,1613464422811.13,1788647906047.76,1824288757447.57,1842628005830.18,1792883225804.38,1552807652015.37,1529760492201.35,0
Caribbean small states,GDP (current US$),37500825974.468,41178984265.2063,46656114031.8673,52416498942.5771,58371461971.2934,66596542818.2652,55887477076.4319,60945499584.2842,66197591876.8357,70647852492.6344,71284814647.9944,71392784816.8765,69516216246.9776,66707362091.378,0
Cayman Islands,GDP (current US$),0,0,0,3207032512.94205,0,0,0,0,0,0,0,0,0,0,0
Central African Republic,GDP (current US$),1139754799.16304,1270080250.65268,1350301057.06866,1460562038.37097,1698125617.92304,1985239276.62611,1981728140.77833,1986014845.63184,2212699746.81377,2184183758.31567,1518565219.01061,1702898939.55483,1583776759.97697,1756124677.19671,0
Central Europe and the Baltics,GDP (current US$),634885340805.817,763009793236.826,886484956908.554,1002687667760.64,1262018642144.73,1524160100132.74,1281584484589.85,1313815361437.81,1446816247840,1351348603800.8,1422416711189.95,1463360359358.05,1285572776919.07,1312157690492.89,0
Chad,GDP (current US$),2736666515.8294,4414929219.99649,6646663561.2656,7422102655.98832,8638711442.7705,10351932604.4154,9253484108.49701,10657705536.4978,12156380425.0825,12368071038.7362,12949854262.8127,13922223233.5184,10888798113.7866,9600761473.78738,0
Channel Islands,GDP (current US$),7332244897.95918,8553643354.08275,8827272727.27273,9676172953.08188,11514605842.3369,0,0,0,0,0,0,0,0,0,0
Chile,GDP (current US$),75643459839.6008,99210392857.6116,122964812046.073,154788024805.808,173605968179.255,179638496278.574,172389498444.621,218537551220.071,252251992029.442,267122320056.702,278384332694.313,260990299051.116,242517905161.664,247027912574.35,0
China,GDP (current US$),1660287965662.68,1955347004963.27,2285965892360.54,2752131773355.16,3552182311652.97,4598206091384,5109953609257.25,6100620488867.55,7572553836875.34,8560547314679.28,9607224481532.65,10482372109961.9,11064666282625.5,11199145157649.2,0
Colombia,GDP (current US$),94684584162.773,117074863821.85,146566266310.568,162590145579.958,207416490982.99,243982436734.233,233821670220.294,287018179193.923,335415162155.574,369659697842.885,380191876348.93,378195707612.393,291519596338.693,282462551366.878,0
Comoros,GDP (current US$),317562269.371106,368143118.68996,380372892.606774,406111873.539847,462453582.873627,523134896.968654,524157261.014644,530493353.218937,586281766.75997,570865941.229395,618663921.86116,647720707.076427,565689764.63263,616654490.413179,0
"Congo, Dem. Rep.",GDP (current US$),8937567059.87754,10297483481.223,11964484667.9102,14296507096.4135,16364029327.3457,19206060270.2521,0,20523285374.187,23849009737.6669,27463220380.0054,30014813755.772,34028119332.6087,36188521106.9294,31930856401.9163,0
"Congo, Rep.",GDP (current US$),3495868808.0512,4648628921.36969,6087003176.11624,7731261310.93322,8394688284.06224,11859013280.9951,9593537550.75063,12007880438.6232,14425607179.6639,13677930123.5919,14085851348.069,14177437982.2619,8553154580.39951,7833508878.9666,0
Costa Rica,GDP (current US$),17195867540.353,18529767934.4743,19952156474.8454,22600431878.0024,26743874286.8514,30612932802.8991,30562361123.0307,37268635287.0856,42262697840.385,46473128285.5589,49745088111.6953,50656002895.8763,54840103850.265,57435507212.256,0
Cote d'Ivoire,GDP (current US$),15306602560.2533,16554441846.5192,17084928927.4555,17800887796.4987,20343635319.6174,24224903099.6283,24277493862.0625,24884505034.5564,25381616734.0693,27040562587.1771,31273049200.243,35372603446.2605,33145096414.0731,36372613022.942,0
Croatia,GDP (current US$),34658113497.39,41574530815.5047,45416358501.9835,50453577898.4886,60093155532.7678,70481451814.3118,62703095750.5257,59665427464.5326,62236751773.0497,56485301967.4205,57769872074.883,57080369367.8021,48921877447.764,50714957390.5378,0
Cuba,GDP (current US$),35901200000,38203000000,42643836074.8,52742800000,58603900000,60806300000,62080000000,64328000000,68990000000,73141000000,77148000000,80656100000,87132800000,0,0
Curacao,GDP (current US$),0,0,0,0,0,0,0,0,0,0,0,0,0,0,0
Cyprus,GDP (current US$),14576896942.2424,17422375000,18703146374.829,20403713461.2972,24077470572.1325,27839460963.8201,25942622950.8197,25562251655.6291,27427161523.4918,25041372221.5084,24084572490.7063,23359294148.8656,19676167239.6584,20047013274.3363,0
Czech Republic,GDP (current US$),99627140274.3805,119162172468.268,136280689891.224,155463807112.889,189227050759.595,235718586901.129,206179982164.402,207477857918.919,227948349666.354,207376427020.815,209402444996.104,207818330723.835,186829940545.759,195305084919.138,0
Denmark,GDP (current US$),218095997085.477,251373036671.062,264467308109.19,282884912894.33,319423370134.284,353361056079.716,321241396034.248,321995350346.501,344003209695.606,327148899962.146,343584385594.132,352993633221.281,301298464861.385,306899653409.601,0
Djibouti,GDP (current US$),622044665.515049,666072101.777505,708633194.726566,768873684.032838,847918929.107984,999105339.267729,1049110684.72493,1128611700.3618,1239144501.77525,1353632941.5207,1455000000,1588000000,1727000000,0,0
Dominica,GDP (current US$),350091222.222222,374771481.481481,370370370.37037,390370370.37037,421375851.851852,458190185.185185,489074333.333333,493824407.407407,501025303.333333,485997988.148148,501979277.037037,523666347.407407,535095846.296296,581484031.851852,0
Dominican Republic,GDP (current US$),21277165885.6865,22039232609.9553,34004033803.9438,35952845582.5029,44169678153.1566,48288967303.4896,48376555305.6902,53954579003.5277,57746684847.0898,60613645121.3529,61965942056.6828,65231032303.2418,68102618092.1031,71583553487.5646,0
Early-demographic dividend,GDP (current US$),3516151323703.34,4090111659563.41,4767620344026.82,5462304388463.2,6488823566895.55,7317501470600.68,7045911611995.23,8514322770067.29,9564928622914.71,9974410005994.34,10160722334942.3,10529872000158.3,10194970465551.6,10401989026722.8,0
East Asia & Pacific,GDP (current US$),8617381783014.6,9663708744825.51,10311337123730.3,10939731186788.5,12236995324293.9,14134059989615.9,14564521831208.3,16938756587419.1,19638672525945,21019132105911.6,21262544412410.1,21900031790821.4,21766948388560.2,22480427869996.2,0
East Asia & Pacific (excluding high income),GDP (current US$),2327842621991.4,2698133042142.66,3124263676684.17,3763693516582.98,4758413352216.66,6020919293827.75,6531548165985.69,7879326684925.74,9630698001400.21,10744168691109.2,11860783587103,12754057710794.4,13268242311555,13512435638588.8,0
East Asia & Pacific (IDA & IBRD countries),GDP (current US$),2323064152053.05,2692683574401.69,3118033979234.63,3756261361900.34,4749074666841.02,6009148096611.83,6518684908087.94,7864008890290.72,9612081466761.09,10723388033068.1,11837903738760.8,12729502234335.3,13242748068603.7,13486492444155.4,0
Ecuador,GDP (current US$),32432859000,36591661000,41507085000,46802044000,51007777000,61762635000,62519686000,69555367000,79276664000,87924544000,95129659000,101726331000,99290381000,98613972000,0
"Egypt, Arab Rep.",GDP (current US$),82924503942.6381,78845185293.4964,89685725230.2517,107484034870.974,130478960092.499,162818181818.182,188982374700.805,218888324504.753,236001858960.015,279372758361.832,288586231501.877,305529656458.438,332698041030.807,332791045963.807,0
El Salvador,GDP (current US$),15046700000,15798300000,17093800000,18550700000,20104900000,21430950000,20661030000,21418330000,23139040000,23813600000,24350930000,25054230000,26052340000,26797470000,0
Equatorial Guinea,GDP (current US$),2484745935.09329,4410764338.66733,8217369092.65224,10086528698.8604,13071718758.7373,19749893536.3204,15027795173.2187,16298542027.9965,21329395900.871,22389627294.4179,21942597765.3631,21736500712.9638,12597210657.5048,10684804794.0361,0
Eritrea,GDP (current US$),870247703.182758,1109054005.43971,1098425900.74116,1211161879.6748,1317974491.05691,1380188800,1856695551.21951,2117039512.19512,2607739837.39837,0,0,0,0,0,0
Estonia,GDP (current US$),9833870709.12376,12059201242.236,14006088297.4754,16963625015.6818,22237061730.0849,24194039255.8957,19652492636.8436,19490936349.1753,23170239900.7654,23043864510.0543,25137153149.4377,26224622450.8302,22566956982.229,23337907618.5174,0
Ethiopia,GDP (current US$),8623691300.04079,10131187261.4421,12401139453.9738,15280861834.6024,19707616772.7996,27066912635.2228,32437389116.038,29933790334.3418,31952763089.33,43310721414.0829,47648211133.2183,55612228233.5179,64464547915.2698,72374224249.3997,0
Euro area,GDP (current US$),8851572342338.51,10152860200757,10536619657651.6,11186013472971.5,12879504293545.5,14118176482709.8,12908601410684.9,12645252803081.6,13623289150489.6,12639517177808.2,13190839006664,13476466492426.9,11661892507639.7,11934055071906,0
Europe & Central Asia,GDP (current US$),13488994424517.5,15722616205763.6,16747765816605.5,18128083129847.2,21178802883227.4,23242038760382.1,20443199631948.9,20924691161658.7,23182627672175.1,22340699161445,23349158951152.4,23654699725965,20364623091493.9,20273841359271,0
Europe & Central Asia (excluding high income),GDP (current US$),1037512319106.79,1367597071745.93,1726462747692.52,2114323841124.1,2727649759198.84,3372332744074.17,2655248450178.57,3156255418573.9,3891866999524.88,4111011203800.41,4369243129067.55,4078845602865.82,3121184116603.81,2991823901020.52,0
Europe & Central Asia (IDA & IBRD countries),GDP (current US$),1255030961431.3,1622699324589.32,2032597383286.26,2459150271422.24,3156899406793.45,3906148533547.85,3095595026136.47,3635513302315.66,4420592112570.7,4611295207484.79,4893444280674.74,4623921511711.82,3598463764358.51,3463188309734.48,0
European Union,GDP (current US$),11957243598418.9,13806710766586,14441217356828.2,15405419702532.5,17795826802969.5,19136672544394.8,17101456870607.7,16992731157166.1,18352575953426.8,17290201940776.9,18026881017254.8,18632423873526.3,16410700117941.6,16487344364513.9,0
Faroe Islands,GDP (current US$),1486861878.95624,1683997930.26322,1730894295.38595,1970135198.76236,2278229880.41222,2413251995.84159,2257083698.63269,2301168186.90991,2468754074.54319,2356495468.27795,2613464380.46401,2810547884.18708,2476746087.18917,0,0
Fiji,GDP (current US$),2315935752.71653,2727507212.92556,3006725014.78415,3102741451.01664,3405050611.68726,3523185919.55826,2870624635.68032,3140508835.9485,3774530615.65916,3972012570.53467,4190143206.25611,4469573275.40532,4391113415.33181,4703632978.46947,0
Finland,GDP (current US$),171071106094.808,196768065557.487,204436015420.968,216552502822.732,255384615384.615,283742493042.332,251499027507.641,247799815768.477,273674236772.815,256706466091.089,269980111642.898,272609288689.575,232439324529.645,238502900311.9,0
Fragile and conflict affected situations,GDP (current US$),220476383127.864,254384379904.583,308822100936.666,364922330440.8,448717231807.979,579390636982.778,539487601072.752,643371393579.443,700475870799.069,756982984497.055,810325310133.497,852105715991.816,770043726631.159,744250583417.645,0
France,GDP (current US$),1848124153498.87,2124112242364.04,2203678646934.46,2325011918203.49,2663112510265.54,2923465651091.26,2693827452070.02,2646837111794.78,2862680142625.14,2681416108537.39,2808511203185.39,2849305322684.76,2433562015516.21,2465453975282.24,0
French Polynesia,GDP (current US$),0,0,0,0,0,0,0,0,0,0,0,0,0,0,0
Gabon,GDP (current US$),6497305662.09274,7756293574.98077,9578973591.00958,10318424464.3377,12438956756.4455,15508574820.3516,12065138272.7538,14358585195.7591,18186479172.7992,17171446922.2104,17590745688.6082,18179717776.1597,14262032470.9041,14213558130.1817,0
"Gambia, The",GDP (current US$),487038821.611959,578785279.422876,624174724.414496,655068695.799848,798870875.671046,965769127.133068,900628061.631727,951804226.881426,898283477.506705,910026287.341901,898957682.737216,833240810.182065,907652509.581682,964599178.129102,0
Georgia,GDP (current US$),3991374548.50512,5125273880.74998,6410941012.59189,7745406200.85374,10172869679.7366,12795044472.7663,10766809099.0721,11638536834.4274,14434619982.2117,15846474595.773,16140047012.1438,16509305827.7171,13993546732.4726,14378016729.1587,0
Germany,GDP (current US$),2505733634311.51,2819245095604.67,2861410272354.18,3002446368084.31,3439953462907.2,3752365607148.09,3418005001389.27,3417094562648.95,3757698281117.55,3543983909148.01,3752513503278.41,3890606893346.69,3375611100742.22,3477796274496.8,0
Ghana,GDP (current US$),7632406552.83803,8881368538.07671,10731634116.7384,20409257610.4746,24758819717.7074,28526891010.4925,25977847813.7422,32174772955.9748,39566292432.8615,41939728978.7281,47805069494.9081,38616536131.648,37543361203.5609,42689783733.873,0
Gibraltar,GDP (current US$),0,0,0,0,0,0,0,0,0,0,0,0,0,0,0
Greece,GDP (current US$),201924270316.027,240521260988.329,247783001865.44,273317737046.795,318497936901.177,354460802548.704,330000252153.376,299361576558.217,287797822093.178,245670666639.047,239862011450.103,237029579260.722,195541761243.144,192690813126.86,0
Greenland,GDP (current US$),1407866174.84099,1621822369.84861,1656172355.71712,1818759669.06572,2049139372.11823,2310743218.06163,2324870823.92882,2306502373.71313,2515245776.44495,2408666378.93828,2483396542.2075,2551126948.77506,2220380802.33059,0,0
Grenada,GDP (current US$),591018407.407407,599118592.592593,695370296.296296,698700655.925926,758683598.518519,825977888.888889,771278111.111111,771015888.888889,778648666.666667,799882148.148148,842620111.111111,911481481.481481,997007925.925926,1056188592.59259,0
Guam,GDP (current US$),3560000000,3857000000,4197000000,4213000000,4375000000,4621000000,4781000000,4895000000,4928000000,5199000000,5337000000,5531000000,5697000000,5793000000,0
Guatemala,GDP (current US$),21917706490.5299,23965275995.7214,27211377225.2715,30231249362.0604,34113107085.6085,39136893345.1501,37733994976.4137,41338595380.8159,47654841112.8523,50388454861.1111,53851058955.2999,58722323918.1604,63767597193.9175,68763255963.8943,0
Guinea,GDP (current US$),3446442218.89829,3666349049.42641,2937071767.25576,4220053411.02209,6281695536.08693,6963961726.24368,6716817571.50136,6861546075.83455,6785188889.09399,7387103675.30283,8376667793.25478,8791353804.84288,8767143622.83101,8200248003.02206,0
Guinea-Bissau,GDP (current US$),476388260.639232,531109356.165462,586791883.717707,591829908.426264,695606288.605845,864136712.986648,825828703.628208,850633309.814482,1099385895.08056,989875559.094599,1046117071.03831,1055186196.27993,1036130506.53639,1164944509.94419,0
Guyana,GDP (current US$),741929342.788749,785918769.587635,824880550.343965,1458449453.19951,1740334781.83731,1922598121.23066,2061323853.88576,2273225041.96217,2576024115.57832,2861562265.88301,2987684170.24434,3077643313.70623,3197225181.59806,3502397094.43099,0
Haiti,GDP (current US$),2960306120.93557,3537721020.41158,4310356252.83669,4756204069.61876,5885321655.91684,6548530572.35291,6584649419.28348,6622541528.56888,7516834160.25277,7890216507.68913,8452509315.87722,8776360623.29898,8724656126.49849,8022638721.92013,0
Heavily indebted poor countries (HIPC),GDP (current US$),182909315345.596,210715003171.706,243039696796.659,291439445833.395,347724979758.612,419658073051.163,423821062294.997,467851910947.034,522235870418.369,562429100212.344,610041631803.768,647799966373.646,638732542973.423,648289348137.032,0
High income,GDP (current US$),31923065054386.2,35532173604878.7,37574855319061.9,39654700828655.5,43338243118132.2,46030397500591,43140742229258.8,45206818210523.2,48779671089397.1,48814556726132.5,49346301570030.6,50362403986688.1,47577512619183.3,48557463061833.1,0
Honduras,GDP (current US$),8140271080.5604,8772194250.27021,9672035709.39793,10841742347.7968,12275501784.2971,13789715132.502,14587496229.1811,15839344591.9842,17710315005.9999,18528506894.0586,18496438641.4768,19756494434.7031,20844284855.0025,21516938909.5686,0
"Hong Kong SAR, China",GDP (current US$),161384522525.299,169099768875.193,181570082162.19,193536265094.364,211597405593.868,219279678430.164,214046415026.187,228637697575.04,248513617677.287,262629441493.476,275696879834.966,291459356985.337,309403880389.071,320914302646.157,0
Hungary,GDP (current US$),85324771841.4118,104066609517.928,113035361316.749,115295199391.606,139850794387.281,157998423131.739,130593960612.172,130922638689.071,140782064609.187,127856647107.82,135215704418.963,140118140454.711,122879042001.915,125816640420.569,0
IBRD only,GDP (current US$),6728237860877.42,8009679581710.35,9574863191621.96,11352987184252.7,14128955914663.9,16969030260876.9,16477638785512.6,19973945540448.7,23619352272048.5,25054597172918.9,26510181016987.1,27396611247619.6,25854305463828.1,25981476556760.5,0
Iceland,GDP (current US$),11304084266.5137,13703315349.2507,16691213479.471,17043245939.014,21295012098.9774,17640375722.4448,12887072301.1621,13254818331.1893,14674650434.6757,14218575093.024,15479256844.8708,17178962757.4324,16783714958.4498,20047413006.3471,0
IDA & IBRD total,GDP (current US$),7231716537197.51,8595676908613.7,10252563289337.4,12171329219107.2,15085802941075.8,18119451371651.3,17607503432796.2,21425535721688.5,25267940554152.8,26831458123531.8,28440718308132.7,29482467782135.6,27876686929740.8,27972819139754.5,0
IDA blend,GDP (current US$),210309399964.325,254107331006.866,298966157726.575,377892170694.759,432494229337.87,515331066665.508,479916707070.375,707233865359.817,810782537391.527,891826340277.914,969503885737.184,1052620067829.89,984508326729.442,923606013413.981,0
IDA only,GDP (current US$),293490957922.838,331890668943.604,378279875004.078,439667449381.062,522810471183.771,633846418352.25,652748933565.031,742077497033.099,831576507631.743,877952610254.43,955563577640.96,1030596428731.83,1039549171419.7,1072786488210.4,0
IDA total,GDP (current US$),503274924958.026,585635687953.13,676966114515.745,817667343182.622,955192703165.729,1148503307752.05,1128757219790.24,1455098670264.63,1649712795941.65,1779309786690.56,1935383621726.91,2094666160482.5,2032030985340.31,1999807711387.41,0
India,GDP (current US$),599592902016.212,699688852930.441,808901077222.092,920316529729.61,1201111768409.39,1186952757635.85,1323940295874.9,1656617073124.21,1823049927771.46,1827637859135.7,1856722121394.53,2035393459979.46,2089865410867.82,2263792499341.01,0
Indonesia,GDP (current US$),249968428761.572,273460989078.419,304371850794.764,388167833438.821,460192550124.261,543253873101.753,574505139225.44,755094160363.071,892969107923.094,917869910105.749,912524136718.018,890814755233.225,861256351277.359,932259177765.307,0
"Iran, Islamic Rep.",GDP (current US$),153544751395.43,190043433964.841,226452138291.542,266298911661.144,349881601458.56,406070949553.875,414059094949.063,487069570463.768,583500357530.417,598853401276.104,467414852231.298,434474616831.914,385874474398.59,418976679728.567,0
Iraq,GDP (current US$),0,36627901762.063,49954890353.2609,65140293687.5395,88840050497.0957,131613661510.475,111660855042.735,138516722649.573,185749664444.444,218000986222.639,234648370497.427,234648370497.427,179640210726.448,171489001692.047,0
Ireland,GDP (current US$),164285114672.686,193870345294.264,211650759109.563,232085533684.607,269917518477.963,275020018163.176,236311338427.341,221951353966.878,239018540057.01,225571857948.338,239389337002.814,258099015103.504,290617006703.972,304819020500.641,0
Isle of Man,GDP (current US$),2264911806.90354,2758117365.04863,2971167185.35511,3344402193.24608,5685988395.35814,5827468750,5487083657.89064,5920177688.50433,6142169524.11473,6433357030.0158,6754330154.76004,7428280401.5139,6792417112.29947,0,0
Israel,GDP (current US$),126864966908.939,135445033199.465,142462925574.348,153966916311.325,178706717752.732,215840354626.533,207419370241.335,233609522091.468,261628548084.179,257296579579.346,292489185194.417,308416982140.362,299096404728.826,317744784695.1,0
Italy,GDP (current US$),1569649661399.55,1798314750434.57,1852661982340.5,1942633797516,2203053380782.92,2390729163615.06,2185160183384.27,2125058244242.92,2276292404600.52,2072823157059.76,2130491320658.68,2151732868243.21,1832347450961.51,1858913163927.72,0
Jamaica,GDP (current US$),9399452787.8474,10150978154.5484,11204416000,11905525197.3285,12824094989.8639,13678606692.2655,12038829246.2425,13191645685.5116,14439910353.0576,14800165406.7733,14274983015.9485,13897723431.3942,14186886642.6685,14056908749.3505,0
Japan,GDP (current US$),4445658071221.86,4815148854362.11,4755410630912.14,4530377224970.4,4515264514430.57,5037908465114.48,5231382674593.7,5700098114744.41,6157459594823.72,6203213121334.12,5155717056270.83,4848733415523.53,4383076298081.86,4940158776617.16,0
Jordan,GDP (current US$),10195660789.8449,11411390409.0268,12588665303.244,15056929760.2257,17110587447.1086,21972004086.2336,23820230000,26425379436.6197,28840263380.2817,30937277605.6338,33593843661.9718,35826925774.6479,37517410281.6901,38654727746.4789,0
Kazakhstan,GDP (current US$),30833699702.7594,43151647002.6096,57123671733.8953,81003884545.4098,104849886825.584,133441612246.798,115308661142.927,148047348240.643,192626507971.584,207998568865.789,236634552078.102,221415572819.5,184388432148.715,137278320084.171,0
Kenya,GDP (current US$),14904517649.8476,16095337093.8366,18737897744.7948,25825524820.8064,31958195182.2406,35895153327.8497,37021512048.8158,39999659233.7555,41953433591.4101,50412754821.9795,55097343447.5616,61445345999.0765,63767539356.6051,70529014778.3251,0
Kiribati,GDP (current US$),90231856.8000519,102367039.270481,112133944.253532,108545632.53012,130754915.906619,139125482.301627,130465372.016846,153275912.676573,177142135.121196,188045661.627666,187153601.08129,178869341.205462,169140538.696106,181551484.895269,0
"Korea, Dem. Peopleâ€™s Rep.",GDP (current US$),0,0,0,0,0,0,0,0,0,0,0,0,0,0,0
"Korea, Rep.",GDP (current US$),680520724062.403,764880644710.649,898137194716.188,1011797457138.5,1122679154632.41,1002219052967.54,901934953364.711,1094499338702.72,1202463682633.85,1222807284485.31,1305604981271.91,1411333926201.24,1382764027113.82,1411245589976.63,0
Kosovo,GDP (current US$),3355083116.58939,3639935347.50715,3736599925.38241,4078158323.92423,4833561456.33726,5687488208.58357,5653792720.20006,5829933774.83444,6649291075.89658,6473724784.78736,7072092405.73553,7386891336.07536,6440501275.36875,6649888888.88889,0
Kuwait,GDP (current US$),47875838926.1745,59440108585.0017,80797945205.4795,101550654720.882,114641097818.438,147395833333.333,105899930507.297,115419050942.08,154027536231.884,174070025008.932,174161495063.47,162631763879.129,114567298105.683,110875579086.698,0
Kyrgyz Republic,GDP (current US$),1919012780.97086,2211535311.62834,2460248026.17783,2834168889.42019,3802566170.81543,5139957784.91084,4690062255.12247,4794357795.07139,6197766118.59856,6605139933.41063,7335027591.91628,7468096566.71158,6678178340.45121,6551287937.62632,0
Lao PDR,GDP (current US$),2023324407.30316,2366398119.8821,2735558726.25625,3452882514.00166,4222962987.53859,5443915120.50795,5832915387.08908,7127792629.58294,8261299199.6817,10191350119.6796,11942230508.3344,13268458231.9295,14390395149.7773,15903329472.9904,0
Late-demographic dividend,GDP (current US$),4246057259568.52,5103484222816.06,6161727739418.01,7436775397223.2,9366207813701.86,11645245415729.3,11258203905362.3,13513745408334.7,16480045678794.9,17631664734747.7,19014316277878.7,19703102026309.7,18456544742036.6,18455074977717.5,0
Latin America & Caribbean,GDP (current US$),2035302568313.9,2350657774176.39,2845509423691.62,3337244559997.56,3936347648225.09,4576034696193.34,4302163169714.6,5334533033072.82,6064277798886.03,6121206635064.58,6272989482508.83,6391549877362.08,5459206256454.35,5299865625774.02,0
Latin America & Caribbean (excluding high income),GDP (current US$),1839436251262.6,2121459944550.01,2579728859496.06,3029713038041.48,3598139206333.45,4213483414952.47,3953155755587.8,4923605261317.64,5605037810076.2,5639934948104.64,5771411525042.99,5905518272856.91,5012592560057.5,4853042525000.34,0
Latin America & the Caribbean (IDA & IBRD countries),GDP (current US$),1903851095836.06,2210856081192.99,2694960334574.3,3171500014377.25,3760179560980.12,4392659455813.3,4116248823879.65,5142114727040.23,5863590521693.2,5912820697142.36,6058596339699.08,6171392349445.98,5247799483621.63,5094164385266.57,0
Latvia,GDP (current US$),11748433157.0533,14373269155.7174,16922504044.804,21447021570.1028,30901399261.387,35596016664.2304,26169854045.0375,23757368290.0955,28223552824.7508,28119996053.2511,30314363218.6773,31419072947.902,27009231911.4428,27572698481.8766,0
Least developed countries: UN classification,GDP (current US$),239015609172.029,274530562937.137,321335591433.668,377285037889.66,459887867104.348,571649437542.793,582743051700.049,661934469924.977,751567270665.631,798197144587.788,866105358955.164,938325885613.307,926977420256.862,940734369537.394,0
Lebanon,GDP (current US$),20082918739.6352,20955223880.597,21287562189.0547,21796351575.4561,24577114427.8607,29227350570.0166,35477118070.2487,38419626628.1924,40075674163.2504,43868565281.7247,46014226807.5622,47833413749.1211,49459296463.2836,49598825982.1559,0
Lesotho,GDP (current US$),1157832934.55127,1511236655.52047,1682350934.85132,1800105589.60349,1820811281.1196,1870722800.56166,1865963014.97575,2385950663.8256,2788022889.09394,2678494689.40317,2526009072.92519,2614566292.25907,2505886024.6573,2291321667.48246,0
Liberia,GDP (current US$),416000000,474700000,550000000,604028900,739027200,850040500,1155147400,1292697100,1545400000,1735500000,1946500000,2013000000,2034000000,2101000000,0
Libya,GDP (current US$),26265625000,33122307692.3077,47334148578.4164,54961936662.6066,67516236337.7158,87140405361.2292,63028320702.0343,74773444900.5368,34699395523.6073,0,0,0,0,0,0
Liechtenstein,GDP (current US$),3070691319.52179,3454362685.96703,3659251525.8593,4000239272.61126,4601299566.81106,5081432924.0144,4504549214.22663,5082366478.08994,5739977477.47748,5456009384.66461,6391735893.83968,6657170923.37918,6289165409.55908,0,0
Lithuania,GDP (current US$),18802576988.1557,22649930576.2543,26125575942.2814,30216060233.4044,39738180076.6283,47850551148.8365,37440673477.8982,37120517693.8622,43476878139.2577,42847900765.8065,46473646001.5672,48545251795.561,41402022148.2053,42738875963.3703,0
Low & middle income,GDP (current US$),6958335915784.35,8260795423054.61,9842306859562.91,11697108619426.9,14509489193858.5,17424746490688.8,17023275071360.4,20751243965021.7,24508424849056.5,26088297830358.7,27661455979444.4,28704762101253.9,27198166090027.9,27299380819539.9,0
Low income,GDP (current US$),120719032496.609,137615670728.403,158963779474.829,177840329532.654,212769791288.202,256172725778.412,271232086169.742,292339724487.545,328781234807.069,353927683499.204,382592823547.049,411931481585.539,402390077968.574,402524119028.794,0
Lower middle income,GDP (current US$),1672304190174.43,1911857905121,2205200074191.19,2626264404890.92,3232176784206.42,3637903033770.54,3727811301184.7,4666964528535.16,5278934620007.28,5535327445130.84,5774458157744.91,6076543198047.11,6017050158891.42,6263372909106.61,0
Luxembourg,GDP (current US$),29557325056.4334,34685281847.5292,37347394602.6614,42414308116.9239,50888134410.0739,55849686538.7432,51370543206.4462,53212476812.2957,60004630234.4135,56677961787.0717,61739352212.3049,66327344188.889,57784495265.4378,58631324559.4484,0
"Macao SAR, China",GDP (current US$),8195033162.12038,10585624890.9277,12092222041.9168,14789661809.1834,18340447242.9971,20917444919.6394,21475520709.3922,28123640998.7253,36709860068.3445,43031577366.4251,51552075901.5183,55347998647.8196,45415278647.464,44802641829.9265,0
"Macedonia, FYR",GDP (current US$),4946292774.79046,5682719260.0763,6258600713.82627,6861222331.96317,8336478142.08872,9909548410.82744,9401731495.71661,9407168702.4313,10494632699.3859,9745251126.0109,10817712138.9451,11362272837.8818,10051659161.1733,10899583154.6499,0
Madagascar,GDP (current US$),5474030080.24451,4363934494.37405,5039293030.82367,5515884348.54904,7342923489.09616,9413002920.97008,8550363974.79243,8729936135.74487,9892702357.56691,9919780071.28764,10601690871.7611,10673516672.6664,9744243420.48073,10001193420.1518,0
Malawi,GDP (current US$),3208837077.25069,3476094498.87517,3655909664.1423,3997852636.24547,4432192843.58998,5320925102.29496,6190991712.12014,6959697194.02096,8003300198.30166,6028470988.53624,5518901971.40057,6054750320.3278,6373201160.03248,5433038646.51677,0
Malaysia,GDP (current US$),110202368421.053,124749736842.105,143534102611.497,162690965596.205,193547824063.3,230813597937.526,202257586267.556,255016609232.871,297951960784.314,314443149443.149,323277158906.979,338061963396.376,296434003328.639,296535930381.12,0
Maldives,GDP (current US$),1052121055.97238,1226829564.81545,1163362434.32768,1575200390.9349,1868383459.84347,2271646188.14474,2345294878.6681,2588176058.41146,2774351757.78111,2886170570.48769,3295011380.8096,3697351594.22359,4006531188.26486,4224209599.22917,0
Mali,GDP (current US$),4703504466.53245,5444474268.42491,6245031690.06808,6899799785.8441,8145694631.88354,9750822511.47988,10181021770.4326,10678749467.4697,12978107560.5982,12442747897.2223,13246412031.4145,14388360064.1162,13100058099.804,14034980333.6615,0
Malta,GDP (current US$),5456583589.39342,6062780269.0583,6394851386.64345,6757119558.3992,7880509170.54476,8977149553.24447,8528202278.41067,8741059602.64901,9504797627.39878,9203729739.42371,10145944323.6938,11217780149.3338,10285547954.0777,10999047580.3881,0
Marshall Islands,GDP (current US$),126887600,131334600,137928600,143930000,150776500,152788700,152617500,164969100,173260300,185210500,190800800,183121300,179697900,194497900,0
Mauritania,GDP (current US$),1563074859.52173,1833444740.37736,2184444848.97637,3040716679.07669,3356757497.1208,3978425880.65663,3670515287.9948,4343665075.37898,5179690135.80186,5225533499.82893,5724227185.17784,5391475277.24326,4844223106.95469,4739298730.30837,0
Mauritius,GDP (current US$),5609831328.0648,6385695187.0102,6283803256.01264,7028803365.70151,8150138757.15741,9990370016.30771,9128843109.15588,10003670690.3497,11518393367.2403,11668685524.1265,12129642296.4425,12803445933.5894,11692287066.381,12168437744.2644,0
Mexico,GDP (current US$),713284231624.803,770267585947.191,866345821213.261,965281191371.844,1043471321169.09,1101275278668.79,894948748436.748,1051128603513.77,1171187519660.64,1186598324461.82,1261981728468.52,1298461494903.14,1152263780657.86,1046922702460.87,0
"Micronesia, Fed. Sts.",GDP (current US$),245277400,240097000,250149400,253372300,256548100,262868600,279966700,296525300,310502100,326128700,316040600,317999400,315179700,329895600,0
Middle East & North Africa,GDP (current US$),1089098416129.6,1271214902549.4,1530143773484.47,1790939429141.46,2123322295847.04,2647704729411.95,2368231329944.26,2767962267741.37,3282392899960.52,3529758430134.79,3524023587337.77,3563559183199.12,3147279271333.8,3144797691272.85,0
Middle East & North Africa (excluding high income),GDP (current US$),511780801926.393,592919911444.81,698419820703.848,811375431672.305,1002832284121.99,1235366170569.33,1195903054603.52,1383517142400.36,1568522348029.8,1681554531530.42,1591675173595.67,1591556264536.29,1441977380056.15,1453901029336.23,0
Middle East & North Africa (IDA & IBRD countries),GDP (current US$),507822139212.327,588620268464.702,693623682832.889,806508983373.845,997382214929.026,1228766298998.44,1188669247677.49,1374620791146.31,1558059481133.08,1670273623778.57,1579070728219.37,1578695250599.14,1429091286052.15,1440244500023.14,0
Middle income,GDP (current US$),6840046171605.47,8125459303288.47,9685508836558.34,11520622409819.2,14297537214845.2,17169626138363.2,16755625847152.6,20458605049763.3,24178441710181.1,25733320245004.3,27278175113689,28292772740185.1,26796051573771.1,26897069180752.8,0
Moldova,GDP (current US$),1980901553.51226,2598231467.43671,2988338439.31553,3408272498.11516,4401154128.12297,6054806100.84681,5439422031.39627,5811604051.96737,7015206498.21955,7284686576.2835,7985349731.46471,7983271110.60446,6512899540.34594,6749515654.64419,0
Monaco,GDP (current US$),3588988600.70294,4110348444.49411,4280072625.97622,4663488363.0977,5974371695.95045,6919241412.09365,5557245122.31576,5350674803.33858,6074884388.58937,0,0,0,0,0,0
Mongolia,GDP (current US$),1595297355.78349,1992066808.09598,2523471532.01083,3414055566.1138,4234999823.30839,5623216448.86851,4583850367.88972,7189481824.07288,10409797649.3063,12292770631.1967,12582122604.1921,12226514722.0861,11749620619.5962,11183458130.8083,0
Montenegro,GDP (current US$),1707678389.68676,2073255525.20487,2257174480.78597,2696020574.58286,3668857103.75034,4545674527.61096,4159330369.5471,4139192052.98013,4538198498.74896,4087724527.81704,4464260488.58205,4587928884.17142,4052913385.82677,4374127212.38938,0
Morocco,GDP (current US$),52064058833.9739,59626020162.3816,62343022650.8742,68640825480.9223,79041294874.4553,92507257783.5697,92897320375.8176,93216746661.5977,101370474295.109,98266306615.3632,106825649872.108,110081248587.369,101187079462.942,103606321692.582,0
Mozambique,GDP (current US$),5597367853.40358,6831808930.39816,7723846194.87446,8312078525.08582,9366742309.49331,11494837053.4061,10911698208.1015,10154238250.1818,13131168011.807,14534278446.3087,16018848990.669,16961127045.8266,14798439527.2541,11014858591.8422,0
Myanmar,GDP (current US$),10467109977.6717,10567354056.4049,11986972418.5103,14502553709.8303,20182477480.5512,31862554101.9378,36906181380.8127,49540813342.4834,59977326085.9908,59937797559.3295,60269734044.526,65446402659.1687,59687373958.2574,63225097051.255,0
Namibia,GDP (current US$),4931312147.21007,6606858786.01174,7261333794.60003,7978734401.53585,8740865600.24981,8486721916.9128,8876191120.76189,11282192605.0374,12409629835.6998,13016272898.9038,12717790500.6163,12786078003.6304,11571141027.0478,10947880690.471,0
Nauru,GDP (current US$),0,0,0,0,20432742.1126982,39333572.3247894,44290951.9252006,49248810.5726872,72751801.046087,103811958.762887,108601538.461538,117020381.931693,100459782.608696,102060129.577055,0
Nepal,GDP (current US$),6330473096.54071,7273938314.71988,8130258041.46706,9043715355.8881,10325618017.379,12545438605.3959,12854985464.0764,16002656434.4746,18913574370.76,18851513891.066,19271168018.482,20002968837.9471,21410840908.5198,21131983246.1855,0
Netherlands,GDP (current US$),571863431151.242,650532654581.574,678533764457.157,726649102998.369,839419655078.018,936228211513.11,857932759099.75,836389937229.197,893757287201.688,828946812396.788,866680000367.264,879635084124.987,757999453314.269,777227541581.307,0
New Caledonia,GDP (current US$),0,0,0,0,0,0,0,0,0,0,0,0,0,0,0
New Zealand,GDP (current US$),88250885550.2626,103905882352.941,114719425473.492,111606899682.251,137314617476.299,133279679482.674,121337372727.841,146580949348.893,168461998741.295,176192886551.397,190521142196.379,200696291789.952,175562976175.285,184969146624.47,0
Nicaragua,GDP (current US$),5322454925.84746,5795568204.64532,6321335612.22233,6763671610.70006,7423377429.05927,8496965842.2767,8298695144.91507,8758622328.66963,9774316692.15985,10532001129.67,10982972256.3787,11880438824.4494,12747741539.7259,13230844686.858,0
Niger,GDP (current US$),2731416346.48158,3052898739.4678,3405134831.8505,3646728060.06463,4291363390.91295,5403363917.3096,5397121856.35204,5718589799.24366,6409169889.50891,6942209594.55433,7667951987.6933,8229730066.64442,7217666360.69521,7528387858.34739,0
Nigeria,GDP (current US$),67655813930.0926,87845420504.485,112248353104.911,145429764861.249,166451213395.64,208064753766.47,169481317540.364,369062464570.387,411743801711.642,460953836444.364,514966287206.505,568498937588.035,481066152889.094,404652720164.859,0
North America,GDP (current US$),12407237511367.9,13302608706074.6,14267952115864.7,15176717496461.2,15948507238205.8,16273823136997.2,15795698382986.4,16583580836811.1,17312124677047.8,17985081294447.6,18539718715830.2,19191755961783.7,19679438002855,20160296406469,0
Northern Mariana Islands,GDP (current US$),1239000000,1210000000,1061000000,990000000,938000000,939000000,795000000,799000000,733000000,751000000,784000000,845000000,933000000,1242000000,0
Norway,GDP (current US$),228752436371.854,264357494659.388,308722079937.912,345424664369.357,401082621082.621,462554432624.114,386622457579.95,429130952709.224,498831558925.86,510229136226.902,523502127659.574,499338534779.159,386663139402.707,371076190476.19,0
Not classified,GDP (current US$),0,0,0,0,0,0,0,0,0,0,0,0,0,0,0
OECD members,GDP (current US$),31707727753865,35294013497764.2,37307466029985.7,39332321300368.7,42993214955769.3,45511036479861.9,42579663711880.8,44606246604350.6,47923365513452.4,47828497828091.3,48405202092121.3,49370080089669.8,46659020669553.3,47552622005124.2,0
Oman,GDP (current US$),21633810143.0429,24763589076.723,31081924577.3732,37215864759.4278,42085305591.6775,60905331599.4798,48388296488.9467,58641621846.554,67937307412.2237,76689583355.0065,78938585175.5527,81034395058.5175,69831770871.2614,66293368010.4031,0
Other small states,GDP (current US$),121659449226.936,150738716809.607,182941015936.82,215038691231.13,263061876005.783,321654726632.743,276256069732.069,320785945703.061,395817095569.3,413323181283.977,431007987532.881,444728412944.398,369948348463.501,362079512486.165,0
Pacific island small states,GDP (current US$),4157082463.76922,4802142869.55194,5271518870.10471,5541929392.89878,6078976595.05599,6554173386.85826,5778915418.32836,6404608139.42234,7589010905.92656,8110535070.84161,8376051896.5881,8769297682.30012,8596930890.68014,9019651488.34122,0
Pakistan,GDP (current US$),83244801092.7096,97977766197.6724,109502102510.883,137264061106.043,152385716311.916,170077814106.305,168152775283.032,177406854514.885,213587413183.996,224383620829.57,231218567178.979,244360888750.807,270556126820.064,278913371202.065,0
Palau,GDP (current US$),157962700,173373900,191326500,193085900,194767100,196711500,186891100,183335100,200066900,215095100,228012200,246436300,297645400,310248300,0
Panama,GDP (current US$),13693981200,15013381700,16374393900,18141666300,20958000000,24522200000,26593500000,28917200000,34373820500,39954761200,44856189500,49165773100,52132289700,55187700000,0
Papua New Guinea,GDP (current US$),3536411824.2958,3927157866.96465,4865892972.27595,8306343442.27435,9545071324.99241,11670678863.7458,11619541940.4014,14250726289.854,17984816533.1084,21295834133.2309,21261305413.2323,23003575201.1051,21060901603.8145,20213214171.7204,0
Paraguay,GDP (current US$),6588103836.34739,8033877360.41697,8734653809.49561,10646157920.3209,13794910633.8518,18504130752.9922,15929902138.1363,20030528042.9171,25099681460.8943,24595319573.7548,28965906502.2306,30881166852.3116,27282581335.7964,27424071382.7244,0
Peru,GDP (current US$),58731030121.8671,66768703497.5687,76060606060.606,88643193061.748,102170981144.136,120550599815.441,120822986521.479,147528937028.778,171761737046.585,192648999090.082,201217661645.509,201049665375.132,189212096470.293,192207342004.681,0
Philippines,GDP (current US$),83908206456.0645,91371239764.8818,103071585462.599,122210719245.902,149359920005.894,174195135053.121,168334599538.168,199590775190.258,224143083706.777,250092093547.532,271836123723.678,284584522898.872,292774099013.687,304905406845.291,0
Poland,GDP (current US$),217518642324.505,255102252843.395,306134635593.744,344826430298.147,429249647594.607,533815789473.684,440346575957.897,479257883741.752,528725113045.826,500284003684.372,524201151607.188,545075908845.995,477279647754.701,471364408713.956,0
Portugal,GDP (current US$),164964195259.594,189187437298.237,197304513120.259,208566948939.907,240169336162.059,262007590449.685,243745748819.116,238303443425.21,244895101712.451,216368178659.447,226073492966.495,229629822121.601,199420256049.689,204836597909.466,0
Post-demographic dividend,GDP (current US$),30481623264492,33868895058424.8,35650152444993.6,37496417841637.7,40892362902172.6,43204147782206.9,40676229442861.5,42413555466432,45525572709993.5,45453811718316.9,45848629855778.7,46735043393834.4,44242836057681.5,45213309475250,0
Pre-demographic dividend,GDP (current US$),273883007962.629,332472934465.613,411274166611.459,514532516145.455,630727513486.316,805266578757.073,728798829297.898,1009752002887.76,1166443463426.99,1281751975521.8,1401710558076.06,1496971200328.02,1300758076730.85,1207787697187.08,0
Puerto Rico,GDP (current US$),75833996000,80322313000,83914521340.5431,87276164364.6388,89524131617.1909,93639316000,96385638000,98381268000,100351670000,101080738000,103134778000,0,0,0,0
Qatar,GDP (current US$),23533791208.7912,31734065934.0659,44530494505.4945,60882142857.1428,79712087912.0879,115270054945.055,97798351648.3516,125122306346.154,167775274725.275,186833516483.516,198727747252.747,206224725274.725,164641483516.484,152451923076.923,0
Romania,GDP (current US$),59867801204.8193,76216441462.1442,99697566667.8107,123533036667.853,171536685395.563,208181626900.631,167422949529.4,167998080493.408,185362855081.021,171664638717.49,191549024910.604,199493490982.921,177911101680.106,187592037839.968,0
Russian Federation,GDP (current US$),430347770731.787,591016690742.798,764017107992.391,989930542278.695,1299705247685.76,1660844408499.61,1222643696991.85,1524916112078.87,2051661732059.78,2210256976945.38,2297128039058.21,2063662665171.89,1365864126832.81,1283162985989.3,0
Rwanda,GDP (current US$),1845979298.99285,2089188828.797,2581465863.87859,3152016556.51526,3824811913.22869,4860576609.21568,5379378135.44102,5774003744.2708,6491683831.5094,7315702176.36442,7622526429.08839,8016288347.03577,8261034257.63248,8376048904.58291,0
Samoa,GDP (current US$),338838639.378435,420320176.359437,462649043.044658,508503671.284407,550970655.544072,644132488.887141,560959527.824621,643046733.391126,739785121.889922,801168622.338114,804808525.537223,803589511.754069,803985809.166289,786356314.80277,0
San Marino,GDP (current US$),1600451467.26862,1877328035.75863,1958711603.03445,2092585622.88295,2488365726.79989,2752307016.25897,2363156432.34232,2139072847.68212,2054489852.65499,1800077091.09598,1865374402.54912,1845561894.65304,1569258068.0936,1590707964.60177,0
Sao Tome and Principe,GDP (current US$),96343906.4298042,105360801.941831,126194166.230985,134441116.924998,145827429.572302,188021168.8418,187821029.030558,197454053.144483,233213522.647122,252560557.085219,302925489.682558,348899846.089383,315880811.087464,342781715.52048,0
Saudi Arabia,GDP (current US$),215807655253.333,258742133333.333,328459608764.111,376900133511.348,415964509673.115,519796800000,429097866666.667,528207200000,671238840106.667,735974843360,746647127413.333,756350347333.334,651757333333.333,646438380560,0
Senegal,GDP (current US$),6858952880.10003,8031344381.09898,8707015771.00113,9358710935.43366,11284603070.5653,13439023281.4707,12814961485.1001,12948906288.5576,14390776643.965,14225310518.7856,14851057084.776,15304363138.1804,13640668374.1652,14683697630.9,0
Serbia,GDP (current US$),21188704081.2428,24861483280.6339,26252007830.4639,30607991862.4843,40289556656.1455,49259526052.7426,42616653299.9115,39460357730.5224,46466728666.6103,40742313861.1374,45519650911.4138,44210806365.6817,37160332465.1645,38299854688.1277,0
Seychelles,GDP (current US$),705704816.042365,839319927.272727,919103254.545455,1016418229.25159,1033561654.0568,967199593.960157,847397850.094417,969936525.298729,1065826669.89742,1134267367.19206,1411061260.70839,1422530791.5588,1437722206.38754,1427323889.0961,0
Sierra Leone,GDP (current US$),1371442565.69701,1431208677.30352,1627854494.80246,1885112201.85278,2158496872.85796,2505458705.03338,2489985963.16808,2616610911.07222,2942546781.04548,3801862611.36414,4920343194.99339,5015180976.63457,4251869869.50755,3736588553.56394,0
Singapore,GDP (current US$),97001377568.5914,114188557567.152,127417688055.756,147797218201.271,179981288567.447,192225881687.752,192408387762.118,236421782178.218,275599459373.509,289162118908.538,302510668904.339,308142766948.149,296840704102.415,296975678610.206,0
Sint Maarten (Dutch part),GDP (current US$),0,0,0,0,0,0,0,0,0,0,0,0,0,0,0
Slovak Republic,GDP (current US$),46731767494.3567,57240535137.8197,62697540106.9519,70596729394.0534,86304245825.349,100324627215.468,88945625173.6593,89501012915.7314,98181259740.0919,93413992955.8972,98478349315.3252,100948236941.182,87501423882.4686,89768598023.3903,0
Slovenia,GDP (current US$),29697448108.2957,34470227453.9113,36346974008.2079,39587732028.6037,48114688201.4782,55589849128.4605,50244793831.6199,48013606745.4803,51290792018.1074,46352802765.5763,48116256926.0807,49904928335.3069,43072415017.4321,44708598648.8562,0
Small states,GDP (current US$),163313573580.072,196715975572.352,234865582860.024,272995523519.706,327512314572.132,394805442837.866,337922462226.829,388136053426.768,469603698352.062,492081568847.453,510668854077.463,524890495443.575,448061495601.159,437803722143.8,0
Solomon Islands,GDP (current US$),332738245.913215,375111894.932329,413909879.281265,456705433.996978,516074228.959749,608293860.271816,597765363.128492,671585343.170686,886498370.696086,1025125081.57494,1059695156.18795,1156563122.85602,1129164718.81436,1202125000,0
Somalia,GDP (current US$),0,0,0,0,0,0,0,0,0,0,5352000000,5647000000,5925000000,6217000000,0
South Africa,GDP (current US$),175256916996.047,228937347865.858,257671413750.825,271811088781.18,299033511000.227,287099991516.9,297216730668.942,375298134440.469,416878162440.887,396332598448.215,366810014300.222,351119102947.143,317610719411.483,295456189492.005,0
South Asia,GDP (current US$),774466662241.158,897926604903.83,1028639938471.39,1176253735122.35,1488693557083.01,1515641609304.52,1665589062548.31,2042141855806.9,2272006394117.54,2297909547839.05,2356659793779.43,2577691553786.73,2682804385971.41,2892480763179.47,0
South Asia (IDA & IBRD),GDP (current US$),774466662241.158,897926604903.83,1028639938471.39,1176253735122.35,1488693557083.01,1515641609304.52,1665589062548.31,2042141855806.9,2272006394117.54,2297909547839.05,2356659793779.43,2577691553786.73,2682804385971.41,2892480763179.47,0
South Sudan,GDP (current US$),0,0,0,0,0,15550136278.8696,12231362022.6859,15727363443.0995,17826697892.2717,10368813559.322,13257635694.9153,13282084033.8983,9015221096.24474,0,0
Spain,GDP (current US$),906853273137.698,1069555500372.49,1157276458151.97,1264551499184.54,1479341637010.68,1635015380108.39,1499099749930.54,1431616749640.29,1488067258325.2,1336018949805.58,1361854206549.39,1376910811040.88,1197789902774.43,1237255019653.86,0
Sri Lanka,GDP (current US$),18881765437.2151,20662525941.2986,24406252456.5141,28279814924.5918,32350248410.8216,40713812309.7316,42066217871.5349,56725745039.336,65292741296.5382,68434399083.41,74317806754.5267,79356456990.2891,80611989527.2158,81321876307.2556,0
St. Kitts and Nevis,GDP (current US$),465850739.628517,502561629.62963,543167666.666667,636218037.037037,674008481.481481,738942555.555555,723209111.111111,705015370.37037,753225962.962963,734462666.666667,788163888.888889,847778185.185185,878281507.766667,909854619.518519,0
St. Lucia,GDP (current US$),823837148.148148,893107222.222222,951207370.37037,1134193629.62963,1277494148.14815,1282215407.40741,1262973407.40741,1381968259.25926,1437684814.81481,1436803333.33333,1489928888.88889,1551921037.03704,1649142629.62963,1667078703.7037,0
St. Martin (French part),GDP (current US$),0,0,0,0,0,0,0,0,0,0,0,0,0,0,0
St. Vincent and the Grenadines,GDP (current US$),481806296.296296,521975111.111111,550728666.666667,610930037.037037,651833333.333333,695428851.851852,674922481.481482,681225962.962963,676129407.407407,692933740.740741,721207148.148148,727230734.814815,755205755.925926,768224226.666667,0
Sub-Saharan Africa,GDP (current US$),468505411662.939,583461060225.834,685226908393.033,802075288542.163,933327105483.533,1067466936503.72,1022616202357.64,1365815003522.17,1537231271076.8,1612110026187.15,1698517981177.86,1780285270973.27,1605874046218.37,1512596044161.42,0
Sub-Saharan Africa (excluding high income),GDP (current US$),467794698562.701,582616004511.318,684301913492.808,801052727346.296,932288287192.586,1066496449692.34,1021766938427.26,1364845197859.64,1536165615272.17,1610975894781.15,1697106498117.33,1778862267354.27,1604435981606.03,1511168024853.82,0
Sub-Saharan Africa (IDA & IBRD countries),GDP (current US$),468505411662.939,583461060225.834,685226908393.033,802075288542.163,933327105483.534,1067466936503.72,1022616202357.64,1365815003522.17,1537231271076.8,1612110026187.15,1698517981177.86,1780285270973.27,1605874046218.37,1512596044161.42,0
Sudan,GDP (current US$),17646503525.1743,21457470202.7839,26524538565.7403,35822408611.5588,45898948564.0593,54526580231.5568,53150209167.934,65634109236.7736,67327289319.733,68125631150.2939,72065940085.772,82151588418.8325,97156119150,95584380032.2061,0
Suriname,GDP (current US$),1271196078.43137,1484092538.40527,1793754804.70037,2626380435.17877,2936612021.85792,3532969034.60838,3875409836.06557,4368398047.64333,4422276621.78703,4980000000,5145757575.75758,5240606060.60606,4826587057.68724,3278425328.32418,0
Swaziland,GDP (current US$),2197612701.09852,2770082791.50412,3178126491.90949,3291353835.93,3469363996.36642,3294093485.20796,3580417066.92472,4438778424.30203,4820499924.2539,4823831656.51644,4560713073.91948,4377293816.28535,4020275298.02726,3720649374.57512,0
Sweden,GDP (current US$),331108912605.271,381705425301.746,389042298376.845,420032121655.688,487816328342.309,513965650650.119,429657033107.737,488377689564.921,563109663291.177,543880647757.404,578742001487.571,573817719109.402,497918109302.399,514459972806.171,0
Switzerland,GDP (current US$),352914820747.011,394163688620.828,408689353999.357,430921192375.179,479913034321.893,554363487120.303,541506500413.565,583782977866.405,699579638638.226,668043614122.87,688504173431.454,709182559935.301,679289166858.236,668851296244.236,0
Syrian Arab Republic,GDP (current US$),21828144686.0394,25086930693.0693,28858965517.2414,33332844574.7801,40405006007.2086,0,0,0,0,0,0,0,0,0,0
Tajikistan,GDP (current US$),1554125530.8029,2076148695.50581,2312319579.02843,2830236053.84429,3719497371.09659,5161336170.46084,4979481980.35098,5642178579.58438,6522732202.50748,7633049792.09321,8506674782.75471,9236309138.04277,7853450374.0001,6951657158.90093,0
Tanzania,GDP (current US$),11659129888.8021,12825801580.9281,16929976600.142,18610460326.5437,21501741757.484,27368386358.131,28573777052.4542,31407908612.0943,33878631649.4157,39087748240.4403,44333456244.744,48197218326.7942,45628320606.0487,47340071107.343,0
Thailand,GDP (current US$),152280653543.725,172895476152.592,189318499954.003,221758486880.313,262942650543.771,291383081231.82,281710095724.761,341105009515.333,370818747396.833,397559992407.45,420528737876.717,406521561093.357,399234547137.472,407026127310.434,0
Timor-Leste,GDP (current US$),430520879.821486,442875783.657422,466635214.111147,440024652.002975,531260864.945277,659561789.395388,785961959.409202,894400000,1053500000,1188900000,1410000000,1450600000,1606500000,1782974000,0
Togo,GDP (current US$),1673690429.61609,1937074572.08687,2115154262.03025,2202809251.31304,2523462557.38975,3163416242.05877,3163000528.8167,3172945644.5585,3756023159.96,3866617462.61854,4080929201.27925,4482880424.33988,4087628275.95594,4399995986.56477,0
Tonga,GDP (current US$),202543202.004099,229358214.792003,262176133.72543,294137737.070038,300143056.873221,349484427.609428,318166562.784677,369485198.817979,423011844.331641,472358251.224261,450686353.674011,443911052.254042,435438217.281663,401562006.229967,0
Trinidad and Tobago,GDP (current US$),11305459802.0683,13280275123.0354,15982282462.3786,18369070085.3888,21642304045.512,27870257894.2347,19175196445.7936,22157948396.2042,25433011405.3017,25694164489.2373,26436159314.5624,26175952941.9107,23559224762.4424,21894706041.2353,0
Tunisia,GDP (current US$),27453084982.5378,31183139301.4853,32273007553.5687,34378437265.2141,38908069299.204,44856586316.0458,43454935940.1614,44050929160.2627,45810626509.4474,45044112939.3687,46251061734.4741,47587913058.8443,43156708809.1354,42062549394.7859,0
Turkey,GDP (current US$),311823003531.215,404786740091.196,501416301726.704,552486912845.642,675770112825.236,764335657318.479,644639902580.645,771876791231.838,832546270783.83,873981786532.072,950595270314.296,934167809301.667,859794177118.102,863711710426.514,0
Turkmenistan,GDP (current US$),5977440582.80171,6838351088.46688,8104355716.8784,10277598152.4249,12664165103.1895,19271523178.8079,20214385964.9123,22583157894.7368,29233333333.3333,35164210526.3158,39197543859.6491,43524210526.3158,35799628571.4286,36179885714.2857,0
Turks and Caicos Islands,GDP (current US$),0,0,0,0,0,0,0,0,0,0,0,0,0,0,0
Tuvalu,GDP (current US$),18231078.5394643,21534931.6075894,21839098.8927071,22902861.4457831,27030374.0272781,30290219.7617849,27101076.2751521,31823518.6204366,39312016.5033522,39875750.6730172,38322359.5288666,37259689.9224806,32673277.7402149,34218878.4390841,0
Uganda,GDP (current US$),6336696288.98214,7940362799.17997,9013834373.41246,9942597779.99265,12292813603.2327,14239026629.639,18168902153.8569,20186496527.1276,20176751242.0546,23132149256.9744,24599553471.8672,27295207927.5612,27059447774.6626,24078931933.4578,0
Ukraine,GDP (current US$),50132953288.203,64883060725.7003,86142018069.3504,107753069306.931,142719009900.99,179992405832.321,117227769791.56,136013155905.036,163159671670.265,175781379051.433,183310146378.081,133503411375.739,91030959454.6961,93270479388.5243,0
United Arab Emirates,GDP (current US$),124346358066.712,147824370319.946,180617018379.85,222116541865.214,257916133424.098,315474615738.598,253547358747.447,289880430197.413,350908390034.037,374817974104.833,390427289203.54,403197682886.317,357949199754.935,348743265704.561,0
United Kingdom,GDP (current US$),2038395102040.82,2398555474185.28,2520701818181.82,2692612695492.18,3074359743897.56,2890564338235.29,2382825985355.97,2441173394729.62,2619700404733.37,2662085168498.93,2739818680930.19,3022827781881.39,2885570309160.86,2647898654635.24,0
United States,GDP (current US$),11510670000000,12274928000000,13093726000000,13855888000000,14477635000000,14718582000000,14418739000000,14964372000000,15517926000000,16155255000000,16691517000000,17393103000000,18120714000000,18624475000000,0
Upper middle income,GDP (current US$),5167481933006.5,6213674550938.77,7480336164014.47,8894393230290.41,11065382151621.8,13528506574524.2,13027040456100,15792230570440.2,18897054524211,20194427120059.2,21498865852640,22212201918323.9,20772440074303.6,20623856301266.3,0
Uruguay,GDP (current US$),12045631092.5353,13686329890.1191,17362857683.8545,19579457966.0538,23410572621.533,30366213095.4256,31660911290.3226,40284481661.8726,47962439293.3696,51264390121.4144,57531233350.9101,57236013077.5187,53274304214.8174,52419720713.7316,0
Uzbekistan,GDP (current US$),10128112401.4248,12030023547.8807,14307509838.8053,17330833852.919,22311393927.8817,29549438883.8338,33689223673.2577,39332770928.9426,45915191189.3237,51821573338.1312,57690453460.6205,63067077178.5381,66903804142.5395,67220335569.6147,0
Vanuatu,GDP (current US$),314463144.04219,364996869.129618,394962552.336108,439376794.094041,526428309.945088,607958616.143415,610066628.693058,700804286.224354,792149700.679116,781702874.106058,801787555.861121,814954306.971033,742432131.041002,773502895.927602,0
"Venezuela, RB",GDP (current US$),83620628582.1082,112453382329.615,145510008134.75,183477522123.894,230364012575.687,315953388510.678,329787628928.472,393190682070.491,316482190800.364,381286237847.667,371006299120.244,482359318767.703,0,0,0
Vietnam,GDP (current US$),39552513316.0734,45427854693.2554,57633255618.2731,66371664817.0436,77414425532.2452,99130304099.1274,106014659770.222,115931749697.241,135539438559.709,155820001920.492,171222025117.381,186204652922.262,193241108709.536,205276172134.901,0
Virgin Islands (U.S.),GDP (current US$),3453000000,3799000000,4439000000,4504000000,4803000000,4250000000,4203000000,4339000000,4239000000,4095000000,3764000000,3624000000,3765000000,0,0
West Bank and Gaza,GDP (current US$),3968000000,4329200000,4831800000,4910100000,5505800000,6673500000,7268200000,8913100000,10465400000,11279400000,12476000000,12715600000,12673000000,13397100000,0
World,GDP (current US$),38894058718266,43804823746956.6,47428894542015.9,51363239608528.7,57858970551966.6,63461809858683.9,60168346976208.9,65954532001568.7,73279862292629,74889946508917.8,76990857251851,79049230590610.9,74757745150689.1,75845109381590.5,0
"Yemen, Rep.",GDP (current US$),11777768086.8693,13873500887.5612,16753769531.6987,19081722875.3022,21656517484.2538,26910851361.7555,25130274124.2524,30906749533.221,32726417878.391,35393148127.2755,40415233436.1767,43228583935.0365,37733919936.2465,27317605346.0714,0
Zambia,GDP (current US$),4901839731.26571,6221077674.77871,8331870169.14977,12756858899.2812,14056957976.2648,17910858637.9048,15328342303.9575,20265556273.582,23460098339.7453,25503370699.2015,28045460442.1876,27150630607.2032,21154394545.895,21063989682.5243,0
Zimbabwe,GDP (current US$),5727591800,5805598400,5755215200,5443896500,5291950100,4415702800,8621573608.35314,10141859709.6169,12098450748.8603,14242490252.4289,15451768658.5469,15891049235.9908,16304667807.0657,16619960401.9038,0
